biome,pos,trt,Genotype,Massilia
bacteria,rhizosphere,CK,X1,2780.876248
bacteria,rhizosphere,CK,X10,2705.832399
bacteria,rhizosphere,CK,X100,2819.538615
bacteria,rhizosphere,CK,X101,3065.330234
bacteria,rhizosphere,CK,X102,3166.594165
bacteria,rhizosphere,CK,X103,2713.118541
bacteria,rhizosphere,CK,X104,3005.875606
bacteria,rhizosphere,CK,X105,2719.768834
bacteria,rhizosphere,CK,X106,2823.73014
bacteria,rhizosphere,CK,X107,3055.460312
bacteria,rhizosphere,CK,X108,2713.36257
bacteria,rhizosphere,CK,X109,2873.949491
bacteria,rhizosphere,CK,X11,2681.893201
bacteria,rhizosphere,CK,X110,2654.09965
bacteria,rhizosphere,CK,X111,2677.476895
bacteria,rhizosphere,CK,X112,2563.751433
bacteria,rhizosphere,CK,X113,2493.076992
bacteria,rhizosphere,CK,X114,2598.347287
bacteria,rhizosphere,CK,X115,2723.21987
bacteria,rhizosphere,CK,X116,2927.784589
bacteria,rhizosphere,CK,X117,3263.250082
bacteria,rhizosphere,CK,X118,2463.161845
bacteria,rhizosphere,CK,X119,2402.021358
bacteria,rhizosphere,CK,X12,2605.090723
bacteria,rhizosphere,CK,X120,2552.082057
bacteria,rhizosphere,CK,X121,2627.231671
bacteria,rhizosphere,CK,X122,2631.317431
bacteria,rhizosphere,CK,X123,2638.715963
bacteria,rhizosphere,CK,X124,2486.637655
bacteria,rhizosphere,CK,X125,2512.712274
bacteria,rhizosphere,CK,X126,2623.880404
bacteria,rhizosphere,CK,X127,2550.806063
bacteria,rhizosphere,CK,X128,2974.895498
bacteria,rhizosphere,CK,X129,2715.947554
bacteria,rhizosphere,CK,X13,2774.5962
bacteria,rhizosphere,CK,X14,2808.630101
bacteria,rhizosphere,CK,X15,2815.267772
bacteria,rhizosphere,CK,X16,2769.524798
bacteria,rhizosphere,CK,X17,2532.526093
bacteria,rhizosphere,CK,X18,2665.914489
bacteria,rhizosphere,CK,X19,2756.712269
bacteria,rhizosphere,CK,X2,2770.642078
bacteria,rhizosphere,CK,X20,2587.002462
bacteria,rhizosphere,CK,X21,2540.585143
bacteria,rhizosphere,CK,X22,3014.529682
bacteria,rhizosphere,CK,X23,2792.803477
bacteria,rhizosphere,CK,X24,2820.093943
bacteria,rhizosphere,CK,X25,2687.810205
bacteria,rhizosphere,CK,X26,2842.929685
bacteria,rhizosphere,CK,X27,2765.604952
bacteria,rhizosphere,CK,X28,2633.644561
bacteria,rhizosphere,CK,X29,2655.144238
bacteria,rhizosphere,CK,X3,3542.805205
bacteria,rhizosphere,CK,X30,2712.800617
bacteria,rhizosphere,CK,X31,2726.287489
bacteria,rhizosphere,CK,X32,2591.961473
bacteria,rhizosphere,CK,X33,2714.916791
bacteria,rhizosphere,CK,X34,2852.911998
bacteria,rhizosphere,CK,X35,2492.627429
bacteria,rhizosphere,CK,X36,2582.282056
bacteria,rhizosphere,CK,X37,2611.496987
bacteria,rhizosphere,CK,X38,2701.336775
bacteria,rhizosphere,CK,X39,2730.743415
bacteria,rhizosphere,CK,X4,2969.130505
bacteria,rhizosphere,CK,X40,2983.516502
bacteria,rhizosphere,CK,X41,2782.145617
bacteria,rhizosphere,CK,X42,2788.083072
bacteria,rhizosphere,CK,X43,2653.425307
bacteria,rhizosphere,CK,X44,2635.793808
bacteria,rhizosphere,CK,X45,2838.003746
bacteria,rhizosphere,CK,X46,2802.78579
bacteria,rhizosphere,CK,X47,2585.462066
bacteria,rhizosphere,CK,X48,2865.724527
bacteria,rhizosphere,CK,X49,2736.739815
bacteria,rhizosphere,CK,X5,2815.056816
bacteria,rhizosphere,CK,X50,2930.950773
bacteria,rhizosphere,CK,X51,2759.85258
bacteria,rhizosphere,CK,X52,2819.102878
bacteria,rhizosphere,CK,X53,2590.823742
bacteria,rhizosphere,CK,X54,2687.718265
bacteria,rhizosphere,CK,X55,2867.225302
bacteria,rhizosphere,CK,X56,2826.539905
bacteria,rhizosphere,CK,X57,2879.588269
bacteria,rhizosphere,CK,X58,2931.697809
bacteria,rhizosphere,CK,X59,3118.62383
bacteria,rhizosphere,CK,X6,2712.873309
bacteria,rhizosphere,CK,X60,2853.382011
bacteria,rhizosphere,CK,X61,2903.077904
bacteria,rhizosphere,CK,X62,2936.193433
bacteria,rhizosphere,CK,X63,2703.214343
bacteria,rhizosphere,CK,X64,2676.577771
bacteria,rhizosphere,CK,X65,3159.183011
bacteria,rhizosphere,CK,X66,2730.412869
bacteria,rhizosphere,CK,X67,2934.322491
bacteria,rhizosphere,CK,X68,3100.958054
bacteria,rhizosphere,CK,X69,2751.331346
bacteria,rhizosphere,CK,X7,2799.533088
bacteria,rhizosphere,CK,X70,2833.58744
bacteria,rhizosphere,CK,X71,2748.276348
bacteria,rhizosphere,CK,X72,3002.391497
bacteria,rhizosphere,CK,X73,2723.028161
bacteria,rhizosphere,CK,X74,3072.972795
bacteria,rhizosphere,CK,X75,2879.456631
bacteria,rhizosphere,CK,X76,2900.11605
bacteria,rhizosphere,CK,X77,2961.263163
bacteria,rhizosphere,CK,X78,3017.346073
bacteria,rhizosphere,CK,X79,2825.191218
bacteria,rhizosphere,CK,X8,2609.14341
bacteria,rhizosphere,CK,X80,2803.916322
bacteria,rhizosphere,CK,X81,3166.296692
bacteria,rhizosphere,CK,X82,2963.841521
bacteria,rhizosphere,CK,X83,2642.893663
bacteria,rhizosphere,CK,X84,2639.594637
bacteria,rhizosphere,CK,X85,2848.886387
bacteria,rhizosphere,CK,X86,2584.86704
bacteria,rhizosphere,CK,X87,3072.186061
bacteria,rhizosphere,CK,X88,2706.129873
bacteria,rhizosphere,CK,X89,3025.662977
bacteria,rhizosphere,CK,X9,2512.501319
bacteria,rhizosphere,CK,X90,2872.0184
bacteria,rhizosphere,CK,X91,2622.775745
bacteria,rhizosphere,CK,X92,2823.505359
bacteria,rhizosphere,CK,X93,2795.143229
bacteria,rhizosphere,CK,X94,2786.72056
bacteria,rhizosphere,CK,X95,2801.232772
bacteria,rhizosphere,CK,X96,2594.982194
bacteria,rhizosphere,CK,X97,2779.204215
bacteria,rhizosphere,CK,X98,2821.369937
bacteria,rhizosphere,CK,X99,2855.615998
bacteria,rhizosphere,D,X1,4885.309554
bacteria,rhizosphere,D,X10,4779.85576
bacteria,rhizosphere,D,X100,5126.829479
bacteria,rhizosphere,D,X101,5182.087784
bacteria,rhizosphere,D,X102,4905.764384
bacteria,rhizosphere,D,X103,4860.333472
bacteria,rhizosphere,D,X104,4698.562304
bacteria,rhizosphere,D,X105,4882.647418
bacteria,rhizosphere,D,X106,5107.655927
bacteria,rhizosphere,D,X107,4971.057084
bacteria,rhizosphere,D,X108,4981.985707
bacteria,rhizosphere,D,X109,4974.672329
bacteria,rhizosphere,D,X11,4813.040469
bacteria,rhizosphere,D,X110,5325.721893
bacteria,rhizosphere,D,X111,4865.128934
bacteria,rhizosphere,D,X112,5193.799321
bacteria,rhizosphere,D,X113,4767.661055
bacteria,rhizosphere,D,X114,4848.136306
bacteria,rhizosphere,D,X115,4877.485517
bacteria,rhizosphere,D,X116,4819.270768
bacteria,rhizosphere,D,X117,5094.836283
bacteria,rhizosphere,D,X118,5063.650514
bacteria,rhizosphere,D,X119,4656.638719
bacteria,rhizosphere,D,X12,4988.321463
bacteria,rhizosphere,D,X120,4745.214163
bacteria,rhizosphere,D,X121,4617.570032
bacteria,rhizosphere,D,X122,4716.669918
bacteria,rhizosphere,D,X123,4795.043233
bacteria,rhizosphere,D,X124,4980.816763
bacteria,rhizosphere,D,X125,4722.137915
bacteria,rhizosphere,D,X126,4840.422647
bacteria,rhizosphere,D,X127,4588.108486
bacteria,rhizosphere,D,X128,4629.634252
bacteria,rhizosphere,D,X129,4823.724326
bacteria,rhizosphere,D,X13,4835.620308
bacteria,rhizosphere,D,X14,4828.603193
bacteria,rhizosphere,D,X15,4885.795183
bacteria,rhizosphere,D,X16,4753.110309
bacteria,rhizosphere,D,X17,4810.450443
bacteria,rhizosphere,D,X18,4687.395277
bacteria,rhizosphere,D,X19,4968.999769
bacteria,rhizosphere,D,X2,4841.283529
bacteria,rhizosphere,D,X20,4672.118038
bacteria,rhizosphere,D,X21,4567.060108
bacteria,rhizosphere,D,X22,4907.706904
bacteria,rhizosphere,D,X23,4773.513642
bacteria,rhizosphere,D,X24,4994.041104
bacteria,rhizosphere,D,X25,4743.564006
bacteria,rhizosphere,D,X26,4859.739925
bacteria,rhizosphere,D,X27,4773.028012
bacteria,rhizosphere,D,X28,4529.990361
bacteria,rhizosphere,D,X29,4751.527351
bacteria,rhizosphere,D,X3,4752.174857
bacteria,rhizosphere,D,X30,4894.626288
bacteria,rhizosphere,D,X31,4807.158951
bacteria,rhizosphere,D,X32,4630.630541
bacteria,rhizosphere,D,X33,4808.425034
bacteria,rhizosphere,D,X34,4589.187664
bacteria,rhizosphere,D,X35,4759.189511
bacteria,rhizosphere,D,X36,5047.941603
bacteria,rhizosphere,D,X37,5022.261596
bacteria,rhizosphere,D,X38,4751.365474
bacteria,rhizosphere,D,X39,5049.348951
bacteria,rhizosphere,D,X4,4724.188352
bacteria,rhizosphere,D,X40,4983.622624
bacteria,rhizosphere,D,X41,4878.978214
bacteria,rhizosphere,D,X42,4842.742879
bacteria,rhizosphere,D,X43,4816.511988
bacteria,rhizosphere,D,X44,4649.516147
bacteria,rhizosphere,D,X45,4930.02331
bacteria,rhizosphere,D,X46,4883.155616
bacteria,rhizosphere,D,X47,4618.464765
bacteria,rhizosphere,D,X48,4863.028955
bacteria,rhizosphere,D,X49,4967.308893
bacteria,rhizosphere,D,X5,4717.234535
bacteria,rhizosphere,D,X50,4905.364104
bacteria,rhizosphere,D,X51,4978.608866
bacteria,rhizosphere,D,X52,5163.312556
bacteria,rhizosphere,D,X53,4837.50199
bacteria,rhizosphere,D,X54,4942.404921
bacteria,rhizosphere,D,X55,5140.516882
bacteria,rhizosphere,D,X56,4955.060228
bacteria,rhizosphere,D,X57,4830.685021
bacteria,rhizosphere,D,X58,4994.472775
bacteria,rhizosphere,D,X59,4734.447417
bacteria,rhizosphere,D,X6,4636.88731
bacteria,rhizosphere,D,X60,5025.93326
bacteria,rhizosphere,D,X61,4808.723759
bacteria,rhizosphere,D,X62,4725.217988
bacteria,rhizosphere,D,X63,5181.381902
bacteria,rhizosphere,D,X64,5040.980908
bacteria,rhizosphere,D,X65,4776.744297
bacteria,rhizosphere,D,X66,4895.993411
bacteria,rhizosphere,D,X67,4894.464411
bacteria,rhizosphere,D,X68,4900.260579
bacteria,rhizosphere,D,X69,4778.154105
bacteria,rhizosphere,D,X7,4929.286037
bacteria,rhizosphere,D,X70,4977.633189
bacteria,rhizosphere,D,X71,4777.558097
bacteria,rhizosphere,D,X72,5036.776533
bacteria,rhizosphere,D,X73,4787.57188
bacteria,rhizosphere,D,X74,5163.471972
bacteria,rhizosphere,D,X75,5136.171242
bacteria,rhizosphere,D,X76,4826.984427
bacteria,rhizosphere,D,X77,4937.919457
bacteria,rhizosphere,D,X78,4866.963536
bacteria,rhizosphere,D,X79,4896.029219
bacteria,rhizosphere,D,X8,4662.998988
bacteria,rhizosphere,D,X80,4896.748835
bacteria,rhizosphere,D,X81,4812.932551
bacteria,rhizosphere,D,X82,4905.656467
bacteria,rhizosphere,D,X83,4722.983106
bacteria,rhizosphere,D,X84,4878.946824
bacteria,rhizosphere,D,X85,4849.487738
bacteria,rhizosphere,D,X86,4754.944911
bacteria,rhizosphere,D,X87,4800.166866
bacteria,rhizosphere,D,X88,4938.841175
bacteria,rhizosphere,D,X89,4985.942856
bacteria,rhizosphere,D,X9,4716.802864
bacteria,rhizosphere,D,X90,4837.182654
bacteria,rhizosphere,D,X91,4886.262662
bacteria,rhizosphere,D,X92,5008.641391
bacteria,rhizosphere,D,X93,4963.06871
bacteria,rhizosphere,D,X94,5060.244227
bacteria,rhizosphere,D,X95,4922.925768
bacteria,rhizosphere,D,X96,4832.969445
bacteria,rhizosphere,D,X97,4997.011303
bacteria,rhizosphere,D,X98,5052.132244
bacteria,rhizosphere,D,X99,4816.619906
bacteria,rhizosphere,LN,X1,3475.38792
bacteria,rhizosphere,LN,X10,3387.256565
bacteria,rhizosphere,LN,X100,3352.577664
bacteria,rhizosphere,LN,X101,3410.696727
bacteria,rhizosphere,LN,X102,3340.245177
bacteria,rhizosphere,LN,X103,3450.443895
bacteria,rhizosphere,LN,X104,3367.529881
bacteria,rhizosphere,LN,X105,3339.493788
bacteria,rhizosphere,LN,X106,3538.515052
bacteria,rhizosphere,LN,X107,3371.556777
bacteria,rhizosphere,LN,X108,3504.074658
bacteria,rhizosphere,LN,X109,3580.933429
bacteria,rhizosphere,LN,X11,3506.634417
bacteria,rhizosphere,LN,X110,3482.950845
bacteria,rhizosphere,LN,X111,3739.392157
bacteria,rhizosphere,LN,X112,3453.120007
bacteria,rhizosphere,LN,X113,3410.003514
bacteria,rhizosphere,LN,X114,3424.542696
bacteria,rhizosphere,LN,X115,3456.131551
bacteria,rhizosphere,LN,X116,3477.612247
bacteria,rhizosphere,LN,X117,3625.425602
bacteria,rhizosphere,LN,X118,3397.968835
bacteria,rhizosphere,LN,X119,3194.584346
bacteria,rhizosphere,LN,X12,3409.125966
bacteria,rhizosphere,LN,X120,3336.7595
bacteria,rhizosphere,LN,X121,3271.655271
bacteria,rhizosphere,LN,X122,3406.57111
bacteria,rhizosphere,LN,X123,3354.394756
bacteria,rhizosphere,LN,X124,3377.477138
bacteria,rhizosphere,LN,X125,3279.217297
bacteria,rhizosphere,LN,X126,3225.301455
bacteria,rhizosphere,LN,X127,3541.535318
bacteria,rhizosphere,LN,X128,3457.068174
bacteria,rhizosphere,LN,X129,3226.515334
bacteria,rhizosphere,LN,X13,3685.999901
bacteria,rhizosphere,LN,X14,3464.626195
bacteria,rhizosphere,LN,X15,3394.697335
bacteria,rhizosphere,LN,X16,3245.533196
bacteria,rhizosphere,LN,X17,3404.82582
bacteria,rhizosphere,LN,X18,3316.463781
bacteria,rhizosphere,LN,X19,3563.292372
bacteria,rhizosphere,LN,X2,3621.120553
bacteria,rhizosphere,LN,X20,3417.269755
bacteria,rhizosphere,LN,X21,3254.434176
bacteria,rhizosphere,LN,X22,3617.455444
bacteria,rhizosphere,LN,X23,3537.882936
bacteria,rhizosphere,LN,X24,3352.28768
bacteria,rhizosphere,LN,X25,3376.896272
bacteria,rhizosphere,LN,X26,3413.211037
bacteria,rhizosphere,LN,X27,3329.320753
bacteria,rhizosphere,LN,X28,3243.729729
bacteria,rhizosphere,LN,X29,3264.795366
bacteria,rhizosphere,LN,X3,3334.141565
bacteria,rhizosphere,LN,X30,3259.96673
bacteria,rhizosphere,LN,X31,3383.882337
bacteria,rhizosphere,LN,X32,3447.593255
bacteria,rhizosphere,LN,X33,3360.328743
bacteria,rhizosphere,LN,X34,3404.704564
bacteria,rhizosphere,LN,X35,3450.436071
bacteria,rhizosphere,LN,X36,3330.237949
bacteria,rhizosphere,LN,X37,3473.759881
bacteria,rhizosphere,LN,X38,3495.92997
bacteria,rhizosphere,LN,X39,3533.332454
bacteria,rhizosphere,LN,X4,3441.703819
bacteria,rhizosphere,LN,X40,3368.867039
bacteria,rhizosphere,LN,X41,3228.784211
bacteria,rhizosphere,LN,X42,3274.169581
bacteria,rhizosphere,LN,X43,3294.750381
bacteria,rhizosphere,LN,X44,3347.820829
bacteria,rhizosphere,LN,X45,3451.017835
bacteria,rhizosphere,LN,X46,3204.170715
bacteria,rhizosphere,LN,X47,3353.397934
bacteria,rhizosphere,LN,X48,3328.377204
bacteria,rhizosphere,LN,X49,3462.885808
bacteria,rhizosphere,LN,X5,3443.753616
bacteria,rhizosphere,LN,X50,3671.389815
bacteria,rhizosphere,LN,X51,3254.02784
bacteria,rhizosphere,LN,X52,3251.422632
bacteria,rhizosphere,LN,X53,3342.978568
bacteria,rhizosphere,LN,X54,3266.141246
bacteria,rhizosphere,LN,X55,3296.326943
bacteria,rhizosphere,LN,X56,3376.784823
bacteria,rhizosphere,LN,X57,3363.229736
bacteria,rhizosphere,LN,X58,3396.96711
bacteria,rhizosphere,LN,X59,3303.548634
bacteria,rhizosphere,LN,X6,3555.672169
bacteria,rhizosphere,LN,X60,3487.385872
bacteria,rhizosphere,LN,X61,3452.704949
bacteria,rhizosphere,LN,X62,3449.093112
bacteria,rhizosphere,LN,X63,3407.437954
bacteria,rhizosphere,LN,X64,3450.721152
bacteria,rhizosphere,LN,X65,3447.114218
bacteria,rhizosphere,LN,X66,3580.745274
bacteria,rhizosphere,LN,X67,3527.170665
bacteria,rhizosphere,LN,X68,3496.157772
bacteria,rhizosphere,LN,X69,3439.913978
bacteria,rhizosphere,LN,X7,3437.631475
bacteria,rhizosphere,LN,X70,3446.76516
bacteria,rhizosphere,LN,X71,3481.613687
bacteria,rhizosphere,LN,X72,3350.891448
bacteria,rhizosphere,LN,X73,3415.937501
bacteria,rhizosphere,LN,X74,3743.465399
bacteria,rhizosphere,LN,X75,3575.98844
bacteria,rhizosphere,LN,X76,3495.285127
bacteria,rhizosphere,LN,X77,3362.17676
bacteria,rhizosphere,LN,X78,3296.6702
bacteria,rhizosphere,LN,X79,3561.029296
bacteria,rhizosphere,LN,X8,3412.673824
bacteria,rhizosphere,LN,X80,3366.365457
bacteria,rhizosphere,LN,X81,3389.409089
bacteria,rhizosphere,LN,X82,3338.150829
bacteria,rhizosphere,LN,X83,3391.503437
bacteria,rhizosphere,LN,X84,3431.291152
bacteria,rhizosphere,LN,X85,3381.970342
bacteria,rhizosphere,LN,X86,3503.545269
bacteria,rhizosphere,LN,X87,3514.366967
bacteria,rhizosphere,LN,X88,3390.858594
bacteria,rhizosphere,LN,X89,3346.469148
bacteria,rhizosphere,LN,X9,3257.6475
bacteria,rhizosphere,LN,X90,3284.628595
bacteria,rhizosphere,LN,X91,3604.021612
bacteria,rhizosphere,LN,X92,3321.866357
bacteria,rhizosphere,LN,X93,3427.102455
bacteria,rhizosphere,LN,X94,3566.957481
bacteria,rhizosphere,LN,X95,3356.372751
bacteria,rhizosphere,LN,X96,3310.574345
bacteria,rhizosphere,LN,X97,3399.772302
bacteria,rhizosphere,LN,X98,3472.601257
bacteria,rhizosphere,LN,X99,3467.010527
bacteria,rhizosphere,LP,X1,2898.0458
bacteria,rhizosphere,LP,X2,2868.036457
bacteria,rhizosphere,LP,X3,2898.101997
bacteria,rhizosphere,LP,X4,2910.746361
bacteria,rhizosphere,LP,X5,2736.478691
bacteria,rhizosphere,LP,X6,2719.394753
bacteria,rhizosphere,LP,X7,2917.658622
bacteria,rhizosphere,LP,X8,2751.820546
bacteria,rhizosphere,LP,X9,2850.221929
bacteria,rhizosphere,LP,X10,2773.231718
bacteria,rhizosphere,LP,X11,2880.118866
bacteria,rhizosphere,LP,X12,2818.976279
bacteria,rhizosphere,LP,X13,2836.285011
bacteria,rhizosphere,LP,X14,2760.418736
bacteria,rhizosphere,LP,X15,3003.022261
bacteria,rhizosphere,LP,X16,2777.783695
bacteria,rhizosphere,LP,X17,2867.867865
bacteria,rhizosphere,LP,X18,2772.557325
bacteria,rhizosphere,LP,X19,2948.173746
bacteria,rhizosphere,LP,X20,3032.975404
bacteria,rhizosphere,LP,X21,2946.600206
bacteria,rhizosphere,LP,X22,2839.881656
bacteria,rhizosphere,LP,X23,2649.541573
bacteria,rhizosphere,LP,X24,2758.002237
bacteria,rhizosphere,LP,X25,2842.6353
bacteria,rhizosphere,LP,X26,2702.085974
bacteria,rhizosphere,LP,X27,2744.627298
bacteria,rhizosphere,LP,X28,2738.839002
bacteria,rhizosphere,LP,X29,2632.850981
bacteria,rhizosphere,LP,X30,2716.303896
bacteria,rhizosphere,LP,X31,2755.810571
bacteria,rhizosphere,LP,X32,2848.479809
bacteria,rhizosphere,LP,X33,2810.715263
bacteria,rhizosphere,LP,X34,2978.745038
bacteria,rhizosphere,LP,X35,2944.577131
bacteria,rhizosphere,LP,X36,2856.797002
bacteria,rhizosphere,LP,X37,2882.029584
bacteria,rhizosphere,LP,X38,2865.058014
bacteria,rhizosphere,LP,X39,3096.478275
bacteria,rhizosphere,LP,X40,2798.801467
bacteria,rhizosphere,LP,X41,2898.607772
bacteria,rhizosphere,LP,X42,2830.721478
bacteria,rhizosphere,LP,X43,2799.307233
bacteria,rhizosphere,LP,X44,2785.426512
bacteria,rhizosphere,LP,X45,2822.572877
bacteria,rhizosphere,LP,X46,2823.696848
bacteria,rhizosphere,LP,X47,2677.24679
bacteria,rhizosphere,LP,X48,2890.459154
bacteria,rhizosphere,LP,X49,2869.21662
bacteria,rhizosphere,LP,X50,2777.390315
bacteria,rhizosphere,LP,X51,2860.618432
bacteria,rhizosphere,LP,X52,2836.622195
bacteria,rhizosphere,LP,X53,2833.868529
bacteria,rhizosphere,LP,X54,2842.298117
bacteria,rhizosphere,LP,X55,2865.170397
bacteria,rhizosphere,LP,X56,2812.62599
bacteria,rhizosphere,LP,X57,2851.458289
bacteria,rhizosphere,LP,X58,2780.874518
bacteria,rhizosphere,LP,X59,2851.233479
bacteria,rhizosphere,LP,X60,2877.983382
bacteria,rhizosphere,LP,X61,2870.50913
bacteria,rhizosphere,LP,X62,2792.732143
bacteria,rhizosphere,LP,X63,2793.687491
bacteria,rhizosphere,LP,X64,2817.852325
bacteria,rhizosphere,LP,X65,2837.802349
bacteria,rhizosphere,LP,X66,2785.65129
bacteria,rhizosphere,LP,X67,2951.264604
bacteria,rhizosphere,LP,X68,2815.71683
bacteria,rhizosphere,LP,X69,2765.64509
bacteria,rhizosphere,LP,X70,2744.290114
bacteria,rhizosphere,LP,X71,2866.462928
bacteria,rhizosphere,LP,X72,2759.126188
bacteria,rhizosphere,LP,X73,2921.59243
bacteria,rhizosphere,LP,X74,2897.090435
bacteria,rhizosphere,LP,X75,2867.699294
bacteria,rhizosphere,LP,X76,2742.210816
bacteria,rhizosphere,LP,X77,3021.735928
bacteria,rhizosphere,LP,X78,2944.352342
bacteria,rhizosphere,LP,X79,2853.031803
bacteria,rhizosphere,LP,X80,2879.500716
bacteria,rhizosphere,LP,X81,2889.84099
bacteria,rhizosphere,LP,X82,2783.4034
bacteria,rhizosphere,LP,X83,2857.302782
bacteria,rhizosphere,LP,X84,2889.897181
bacteria,rhizosphere,LP,X85,2735.017589
bacteria,rhizosphere,LP,X86,2782.05466
bacteria,rhizosphere,LP,X87,3347.342816
bacteria,rhizosphere,LP,X88,2924.008917
bacteria,rhizosphere,LP,X89,2718.383177
bacteria,rhizosphere,LP,X90,2807.006256
bacteria,rhizosphere,LP,X91,2812.682178
bacteria,rhizosphere,LP,X92,2757.552677
bacteria,rhizosphere,LP,X93,2945.532475
bacteria,rhizosphere,LP,X94,2856.965599
bacteria,rhizosphere,LP,X95,2848.816992
bacteria,rhizosphere,LP,X96,2828.979389
bacteria,rhizosphere,LP,X97,2782.335664
bacteria,rhizosphere,LP,X98,2804.421183
bacteria,rhizosphere,LP,X99,2760.587311
bacteria,rhizosphere,LP,X100,3208.591782
bacteria,rhizosphere,LP,X101,2841.286566
bacteria,rhizosphere,LP,X102,3358.975621
bacteria,rhizosphere,LP,X103,3030.277936
bacteria,rhizosphere,LP,X104,2910.240586
bacteria,rhizosphere,LP,X105,2953.737274
bacteria,rhizosphere,LP,X106,2922.941181
bacteria,rhizosphere,LP,X107,2890.009581
bacteria,rhizosphere,LP,X108,2887.593111
bacteria,rhizosphere,LP,X109,2875.229717
bacteria,rhizosphere,LP,X110,2929.291459
bacteria,rhizosphere,LP,X111,2786.100862
bacteria,rhizosphere,LP,X112,2961.94206
bacteria,rhizosphere,LP,X113,2864.945603
bacteria,rhizosphere,LP,X114,2794.811462
bacteria,rhizosphere,LP,X115,2822.4605
bacteria,rhizosphere,LP,X116,2865.226589
bacteria,rhizosphere,LP,X117,2796.55355
bacteria,rhizosphere,LP,X118,3036.178638
bacteria,rhizosphere,LP,X119,2699.894308
bacteria,rhizosphere,LP,X120,2822.51668
bacteria,rhizosphere,LP,X121,2827.349648
bacteria,rhizosphere,LP,X122,2938.339216
bacteria,rhizosphere,LP,X123,2704.390062
bacteria,rhizosphere,LP,X124,2810.883866
bacteria,rhizosphere,LP,X125,2842.803913
bacteria,rhizosphere,LP,X126,2861.854771
bacteria,rhizosphere,LP,X127,2852.86322
bacteria,rhizosphere,LP,X128,2850.390521
bacteria,rhizosphere,LP,X129,2806.72527
bacteria,root,CK,X1,1422.986977
bacteria,root,CK,X10,1268.789389
bacteria,root,CK,X100,1282.944839
bacteria,root,CK,X101,1539.540325
bacteria,root,CK,X102,1368.555411
bacteria,root,CK,X103,1137.432512
bacteria,root,CK,X104,1516.246325
bacteria,root,CK,X105,1186.321675
bacteria,root,CK,X106,1145.43549
bacteria,root,CK,X107,1385.670065
bacteria,root,CK,X108,1060.603609
bacteria,root,CK,X109,1171.156661
bacteria,root,CK,X11,1226.373449
bacteria,root,CK,X110,1272.02795
bacteria,root,CK,X111,1093.950534
bacteria,root,CK,X112,1042.865825
bacteria,root,CK,X113,1094.744964
bacteria,root,CK,X114,1074.355666
bacteria,root,CK,X115,1105.701835
bacteria,root,CK,X116,1040.640726
bacteria,root,CK,X117,1096.815254
bacteria,root,CK,X118,1089.245222
bacteria,root,CK,X119,1014.35675
bacteria,root,CK,X12,1155.747086
bacteria,root,CK,X120,1058.308976
bacteria,root,CK,X121,1097.093392
bacteria,root,CK,X122,1101.489794
bacteria,root,CK,X123,1117.128488
bacteria,root,CK,X124,1386.481455
bacteria,root,CK,X125,1146.379418
bacteria,root,CK,X126,1126.585156
bacteria,root,CK,X127,1519.236301
bacteria,root,CK,X128,1159.829096
bacteria,root,CK,X129,1295.768709
bacteria,root,CK,X13,1187.566763
bacteria,root,CK,X14,1041.535463
bacteria,root,CK,X15,1082.060164
bacteria,root,CK,X16,1161.051161
bacteria,root,CK,X17,1271.223091
bacteria,root,CK,X18,1165.732983
bacteria,root,CK,X19,1349.280589
bacteria,root,CK,X2,1139.509332
bacteria,root,CK,X20,1131.081865
bacteria,root,CK,X21,1138.313436
bacteria,root,CK,X22,1805.817338
bacteria,root,CK,X23,1586.971947
bacteria,root,CK,X24,1352.910187
bacteria,root,CK,X25,1171.495123
bacteria,root,CK,X26,1073.599998
bacteria,root,CK,X27,1135.902756
bacteria,root,CK,X28,1115.019435
bacteria,root,CK,X29,1260.584338
bacteria,root,CK,X3,1315.794596
bacteria,root,CK,X30,1126.174481
bacteria,root,CK,X31,1270.388679
bacteria,root,CK,X32,1162.95161
bacteria,root,CK,X33,1060.179872
bacteria,root,CK,X34,1310.007506
bacteria,root,CK,X35,1185.282551
bacteria,root,CK,X36,1170.367514
bacteria,root,CK,X37,1162.316592
bacteria,root,CK,X38,1089.321287
bacteria,root,CK,X39,1628.335663
bacteria,root,CK,X4,1196.026928
bacteria,root,CK,X40,1113.628749
bacteria,root,CK,X41,1405.663315
bacteria,root,CK,X42,1033.061484
bacteria,root,CK,X43,1009.466324
bacteria,root,CK,X44,1130.200941
bacteria,root,CK,X45,1119.916391
bacteria,root,CK,X46,1061.909021
bacteria,root,CK,X47,1093.215209
bacteria,root,CK,X48,1080.822359
bacteria,root,CK,X49,1202.175502
bacteria,root,CK,X5,1378.647098
bacteria,root,CK,X50,1286.79878
bacteria,root,CK,X51,987.1596179
bacteria,root,CK,X52,1367.452071
bacteria,root,CK,X53,998.9666407
bacteria,root,CK,X54,1112.678291
bacteria,root,CK,X55,1101.142123
bacteria,root,CK,X56,1051.286009
bacteria,root,CK,X57,1078.716607
bacteria,root,CK,X58,1008.784794
bacteria,root,CK,X59,1126.307019
bacteria,root,CK,X6,1314.874909
bacteria,root,CK,X60,1365.157438
bacteria,root,CK,X61,1192.510231
bacteria,root,CK,X62,1131.165213
bacteria,root,CK,X63,1365.968828
bacteria,root,CK,X64,1346.707819
bacteria,root,CK,X65,1171.759448
bacteria,root,CK,X66,1148.604516
bacteria,root,CK,X67,1193.491076
bacteria,root,CK,X68,1491.283501
bacteria,root,CK,X69,1186.940954
bacteria,root,CK,X7,1223.284385
bacteria,root,CK,X70,1124.267501
bacteria,root,CK,X71,1144.761676
bacteria,root,CK,X72,1093.199469
bacteria,root,CK,X73,1246.747007
bacteria,root,CK,X74,1090.835302
bacteria,root,CK,X75,1072.278846
bacteria,root,CK,X76,1801.615211
bacteria,root,CK,X77,1106.675316
bacteria,root,CK,X78,1647.860997
bacteria,root,CK,X79,1597.825833
bacteria,root,CK,X8,1165.362289
bacteria,root,CK,X80,1454.486028
bacteria,root,CK,X81,1561.946119
bacteria,root,CK,X82,1490.518624
bacteria,root,CK,X83,1174.222702
bacteria,root,CK,X84,1146.184628
bacteria,root,CK,X85,1169.557372
bacteria,root,CK,X86,1121.694731
bacteria,root,CK,X87,1214.258736
bacteria,root,CK,X88,1003.361116
bacteria,root,CK,X89,1060.017781
bacteria,root,CK,X9,1237.909617
bacteria,root,CK,X90,1268.217375
bacteria,root,CK,X91,1112.267615
bacteria,root,CK,X92,1140.150881
bacteria,root,CK,X93,1264.392987
bacteria,root,CK,X94,1265.561257
bacteria,root,CK,X95,1191.182548
bacteria,root,CK,X96,1122.181471
bacteria,root,CK,X97,1237.492411
bacteria,root,CK,X98,1205.443616
bacteria,root,CK,X99,1322.78801
bacteria,root,D,X1,977.0542754
bacteria,root,D,X10,983.7802219
bacteria,root,D,X100,971.2362003
bacteria,root,D,X101,1272.881082
bacteria,root,D,X102,1152.248866
bacteria,root,D,X103,945.927918
bacteria,root,D,X104,1043.314694
bacteria,root,D,X105,957.4132008
bacteria,root,D,X106,982.5423336
bacteria,root,D,X107,967.7766468
bacteria,root,D,X108,1050.935663
bacteria,root,D,X109,1032.270628
bacteria,root,D,X11,998.7900731
bacteria,root,D,X110,1093.168199
bacteria,root,D,X111,1008.496639
bacteria,root,D,X112,932.6206186
bacteria,root,D,X113,995.7258442
bacteria,root,D,X114,1010.696337
bacteria,root,D,X115,1171.464635
bacteria,root,D,X116,1041.369107
bacteria,root,D,X117,956.5387233
bacteria,root,D,X118,1063.155942
bacteria,root,D,X119,933.2395628
bacteria,root,D,X12,1025.17963
bacteria,root,D,X120,983.8421164
bacteria,root,D,X121,1133.80433
bacteria,root,D,X122,1029.520195
bacteria,root,D,X123,947.9085393
bacteria,root,D,X124,1025.950864
bacteria,root,D,X125,1136.618079
bacteria,root,D,X126,989.4396923
bacteria,root,D,X127,1001.022814
bacteria,root,D,X128,1013.171202
bacteria,root,D,X129,1127.127689
bacteria,root,D,X13,1006.64634
bacteria,root,D,X14,984.5768936
bacteria,root,D,X15,1064.572979
bacteria,root,D,X16,981.8820399
bacteria,root,D,X17,1023.454542
bacteria,root,D,X18,905.2632868
bacteria,root,D,X19,1066.12034
bacteria,root,D,X2,1004.506895
bacteria,root,D,X20,1116.4405
bacteria,root,D,X21,980.8298348
bacteria,root,D,X22,1017.442828
bacteria,root,D,X23,1176.051356
bacteria,root,D,X24,1041.210284
bacteria,root,D,X25,1374.697396
bacteria,root,D,X26,1023.295938
bacteria,root,D,X27,1024.416384
bacteria,root,D,X28,1016.914279
bacteria,root,D,X29,1491.252537
bacteria,root,D,X3,1145.943591
bacteria,root,D,X30,948.5622994
bacteria,root,D,X31,1032.67681
bacteria,root,D,X32,1209.04108
bacteria,root,D,X33,1296.064628
bacteria,root,D,X34,925.9009874
bacteria,root,D,X35,1005.381373
bacteria,root,D,X36,1036.163443
bacteria,root,D,X37,1017.690406
bacteria,root,D,X38,927.0849371
bacteria,root,D,X39,1158.500202
bacteria,root,D,X4,945.735701
bacteria,root,D,X40,935.8944889
bacteria,root,D,X41,1194.592602
bacteria,root,D,X42,980.8363685
bacteria,root,D,X43,1167.812865
bacteria,root,D,X44,940.9763647
bacteria,root,D,X45,1132.141137
bacteria,root,D,X46,923.8584717
bacteria,root,D,X47,950.0477653
bacteria,root,D,X48,1036.753886
bacteria,root,D,X49,1242.127513
bacteria,root,D,X5,985.6022385
bacteria,root,D,X50,940.02087
bacteria,root,D,X51,966.7513019
bacteria,root,D,X52,1050.591375
bacteria,root,D,X53,1014.68608
bacteria,root,D,X54,1202.294588
bacteria,root,D,X55,1074.455541
bacteria,root,D,X56,1076.436162
bacteria,root,D,X57,998.9443538
bacteria,root,D,X58,966.5656186
bacteria,root,D,X59,1141.142905
bacteria,root,D,X6,1072.219386
bacteria,root,D,X60,1136.005669
bacteria,root,D,X61,1040.10414
bacteria,root,D,X62,988.1048753
bacteria,root,D,X63,933.7900788
bacteria,root,D,X64,977.9207973
bacteria,root,D,X65,1153.886621
bacteria,root,D,X66,1134.204197
bacteria,root,D,X67,998.4491985
bacteria,root,D,X68,1024.808264
bacteria,root,D,X69,939.6345364
bacteria,root,D,X7,919.6162576
bacteria,root,D,X70,1027.374435
bacteria,root,D,X71,1126.191317
bacteria,root,D,X72,1100.690818
bacteria,root,D,X73,1111.963557
bacteria,root,D,X74,1202.940393
bacteria,root,D,X75,1241.040493
bacteria,root,D,X76,1102.54765
bacteria,root,D,X77,1155.991032
bacteria,root,D,X78,1117.121338
bacteria,root,D,X79,1111.220824
bacteria,root,D,X8,1107.775282
bacteria,root,D,X80,1070.88621
bacteria,root,D,X81,940.2684476
bacteria,root,D,X82,1041.891123
bacteria,root,D,X83,1026.425474
bacteria,root,D,X84,1044.428794
bacteria,root,D,X85,1224.576578
bacteria,root,D,X86,1119.720904
bacteria,root,D,X87,1248.927943
bacteria,root,D,X88,980.9251231
bacteria,root,D,X89,1085.802764
bacteria,root,D,X9,1323.545749
bacteria,root,D,X90,1262.04956
bacteria,root,D,X91,1104.350544
bacteria,root,D,X92,1148.481262
bacteria,root,D,X93,1103.1047
bacteria,root,D,X94,1200.802589
bacteria,root,D,X95,1268.89298
bacteria,root,D,X96,928.2539381
bacteria,root,D,X97,1055.41914
bacteria,root,D,X98,1225.53981
bacteria,root,D,X99,1473.880751
bacteria,root,LN,X1,2463.098162
bacteria,root,LN,X10,1255.796275
bacteria,root,LN,X100,1605.117915
bacteria,root,LN,X101,1893.310643
bacteria,root,LN,X102,1228.688166
bacteria,root,LN,X103,1244.755307
bacteria,root,LN,X104,3061.352348
bacteria,root,LN,X105,1152.155362
bacteria,root,LN,X106,1014.206722
bacteria,root,LN,X107,1196.236431
bacteria,root,LN,X108,1055.691797
bacteria,root,LN,X109,1337.343103
bacteria,root,LN,X11,1082.10444
bacteria,root,LN,X110,948.1034278
bacteria,root,LN,X111,1656.364184
bacteria,root,LN,X112,1007.902804
bacteria,root,LN,X113,1333.74228
bacteria,root,LN,X114,1411.295131
bacteria,root,LN,X115,1623.922568
bacteria,root,LN,X116,1292.125807
bacteria,root,LN,X117,1192.94497
bacteria,root,LN,X118,1524.24126
bacteria,root,LN,X119,1016.946263
bacteria,root,LN,X12,2415.24743
bacteria,root,LN,X120,1014.858896
bacteria,root,LN,X121,984.3712209
bacteria,root,LN,X122,2150.381
bacteria,root,LN,X123,941.8711974
bacteria,root,LN,X124,1010.977001
bacteria,root,LN,X125,1438.172788
bacteria,root,LN,X126,1430.217994
bacteria,root,LN,X127,1003.175874
bacteria,root,LN,X128,1994.345442
bacteria,root,LN,X129,1248.331833
bacteria,root,LN,X13,1450.745211
bacteria,root,LN,X14,2955.944054
bacteria,root,LN,X15,1300.224148
bacteria,root,LN,X16,1359.078406
bacteria,root,LN,X17,1286.228233
bacteria,root,LN,X18,1360.310619
bacteria,root,LN,X19,1485.399741
bacteria,root,LN,X2,1040.498087
bacteria,root,LN,X20,1145.480513
bacteria,root,LN,X21,1224.000707
bacteria,root,LN,X22,3156.52399
bacteria,root,LN,X23,1325.141611
bacteria,root,LN,X24,1540.615734
bacteria,root,LN,X25,1900.344444
bacteria,root,LN,X26,1194.657414
bacteria,root,LN,X27,1314.088494
bacteria,root,LN,X28,1234.479635
bacteria,root,LN,X29,1140.097416
bacteria,root,LN,X3,1292.687847
bacteria,root,LN,X30,904.5368364
bacteria,root,LN,X31,1441.258962
bacteria,root,LN,X32,1434.237309
bacteria,root,LN,X33,1330.739943
bacteria,root,LN,X34,1331.754891
bacteria,root,LN,X35,1232.398119
bacteria,root,LN,X36,1423.100356
bacteria,root,LN,X37,1223.089834
bacteria,root,LN,X38,956.213746
bacteria,root,LN,X39,909.0090609
bacteria,root,LN,X4,1206.77507
bacteria,root,LN,X40,1212.660496
bacteria,root,LN,X41,932.6720427
bacteria,root,LN,X42,1058.431338
bacteria,root,LN,X43,1297.78385
bacteria,root,LN,X44,1127.620978
bacteria,root,LN,X45,1686.437189
bacteria,root,LN,X46,1259.550765
bacteria,root,LN,X47,1151.437627
bacteria,root,LN,X48,1253.44182
bacteria,root,LN,X49,1183.161508
bacteria,root,LN,X5,1343.515623
bacteria,root,LN,X50,1249.049567
bacteria,root,LN,X51,1097.055593
bacteria,root,LN,X52,1189.202629
bacteria,root,LN,X53,1099.258388
bacteria,root,LN,X54,1267.866369
bacteria,root,LN,X55,1107.081613
bacteria,root,LN,X56,1312.210235
bacteria,root,LN,X57,1025.69048
bacteria,root,LN,X58,874.7013348
bacteria,root,LN,X59,1933.637222
bacteria,root,LN,X6,1062.317226
bacteria,root,LN,X60,1233.845737
bacteria,root,LN,X61,967.9845976
bacteria,root,LN,X62,827.6179282
bacteria,root,LN,X63,1578.992366
bacteria,root,LN,X64,1011.838283
bacteria,root,LN,X65,1838.812384
bacteria,root,LN,X66,1393.386133
bacteria,root,LN,X67,1090.286617
bacteria,root,LN,X68,1493.388781
bacteria,root,LN,X69,1145.277256
bacteria,root,LN,X7,1267.92608
bacteria,root,LN,X70,1071.69737
bacteria,root,LN,X71,1456.066568
bacteria,root,LN,X72,1233.568763
bacteria,root,LN,X73,1513.893729
bacteria,root,LN,X74,1877.089835
bacteria,root,LN,X75,1299.733797
bacteria,root,LN,X76,1562.721968
bacteria,root,LN,X77,1281.419495
bacteria,root,LN,X78,1141.748292
bacteria,root,LN,X79,1006.311639
bacteria,root,LN,X8,1232.900619
bacteria,root,LN,X80,1137.58543
bacteria,root,LN,X81,1708.543422
bacteria,root,LN,X82,1145.000282
bacteria,root,LN,X83,1454.465283
bacteria,root,LN,X84,1235.434874
bacteria,root,LN,X85,1179.297888
bacteria,root,LN,X86,1579.997195
bacteria,root,LN,X87,1265.723285
bacteria,root,LN,X88,981.3567345
bacteria,root,LN,X89,1050.863537
bacteria,root,LN,X9,1452.18068
bacteria,root,LN,X90,1339.423881
bacteria,root,LN,X91,1365.041102
bacteria,root,LN,X92,1515.903387
bacteria,root,LN,X93,1023.653506
bacteria,root,LN,X94,1236.919934
bacteria,root,LN,X95,1209.299205
bacteria,root,LN,X96,1077.295702
bacteria,root,LN,X97,1258.248722
bacteria,root,LN,X98,1377.524107
bacteria,root,LN,X99,1559.613525
bacteria,root,LP,X1,1430.520795
bacteria,root,LP,X10,1430.520724
bacteria,root,LP,X100,1430.520666
bacteria,root,LP,X101,1430.520812
bacteria,root,LP,X102,1430.520697
bacteria,root,LP,X103,1430.520618
bacteria,root,LP,X104,1430.520741
bacteria,root,LP,X105,1430.520783
bacteria,root,LP,X106,1430.520733
bacteria,root,LP,X107,1430.520751
bacteria,root,LP,X108,1430.520605
bacteria,root,LP,X109,1430.520803
bacteria,root,LP,X11,1430.520947
bacteria,root,LP,X110,1430.520644
bacteria,root,LP,X111,1430.520606
bacteria,root,LP,X112,1430.520703
bacteria,root,LP,X113,1430.520662
bacteria,root,LP,X114,1430.520846
bacteria,root,LP,X115,1430.52068
bacteria,root,LP,X116,1430.52081
bacteria,root,LP,X117,1430.520781
bacteria,root,LP,X118,1430.520607
bacteria,root,LP,X119,1430.52068
bacteria,root,LP,X12,1430.520707
bacteria,root,LP,X120,1430.520714
bacteria,root,LP,X121,1430.520747
bacteria,root,LP,X122,1430.520799
bacteria,root,LP,X123,1430.520724
bacteria,root,LP,X124,1430.520801
bacteria,root,LP,X125,1430.52079
bacteria,root,LP,X126,1430.520796
bacteria,root,LP,X127,1430.520761
bacteria,root,LP,X128,1430.520738
bacteria,root,LP,X129,1430.520728
bacteria,root,LP,X13,1430.520813
bacteria,root,LP,X14,1430.520621
bacteria,root,LP,X15,1430.520766
bacteria,root,LP,X16,1430.520725
bacteria,root,LP,X17,1430.52079
bacteria,root,LP,X18,1430.520678
bacteria,root,LP,X19,1430.520679
bacteria,root,LP,X2,1430.520674
bacteria,root,LP,X20,1430.520723
bacteria,root,LP,X21,1430.520771
bacteria,root,LP,X22,1430.520776
bacteria,root,LP,X23,1430.521242
bacteria,root,LP,X24,1430.520743
bacteria,root,LP,X25,1430.520812
bacteria,root,LP,X26,1430.520762
bacteria,root,LP,X27,1430.520752
bacteria,root,LP,X28,1430.52074
bacteria,root,LP,X29,1430.520828
bacteria,root,LP,X3,1430.52088
bacteria,root,LP,X30,1430.520687
bacteria,root,LP,X31,1430.520731
bacteria,root,LP,X32,1430.520793
bacteria,root,LP,X33,1430.520849
bacteria,root,LP,X34,1430.520848
bacteria,root,LP,X35,1430.520778
bacteria,root,LP,X36,1430.520803
bacteria,root,LP,X37,1430.52102
bacteria,root,LP,X38,1430.520951
bacteria,root,LP,X39,1430.520611
bacteria,root,LP,X4,1430.520759
bacteria,root,LP,X40,1430.520881
bacteria,root,LP,X41,1430.520684
bacteria,root,LP,X42,1430.520677
bacteria,root,LP,X43,1430.52065
bacteria,root,LP,X44,1430.520722
bacteria,root,LP,X45,1430.520657
bacteria,root,LP,X46,1430.520858
bacteria,root,LP,X47,1430.520736
bacteria,root,LP,X48,1430.520713
bacteria,root,LP,X49,1430.52073
bacteria,root,LP,X5,1430.520862
bacteria,root,LP,X50,1430.520831
bacteria,root,LP,X51,1430.520697
bacteria,root,LP,X52,1430.520778
bacteria,root,LP,X53,1430.520727
bacteria,root,LP,X54,1430.520724
bacteria,root,LP,X55,1430.520628
bacteria,root,LP,X56,1430.520688
bacteria,root,LP,X57,1430.520777
bacteria,root,LP,X58,1430.520804
bacteria,root,LP,X59,1430.520739
bacteria,root,LP,X6,1430.520723
bacteria,root,LP,X60,1430.520796
bacteria,root,LP,X61,1430.520841
bacteria,root,LP,X62,1430.520747
bacteria,root,LP,X63,1430.520873
bacteria,root,LP,X64,1430.521004
bacteria,root,LP,X65,1430.520713
bacteria,root,LP,X66,1430.520795
bacteria,root,LP,X67,1430.520785
bacteria,root,LP,X68,1430.520645
bacteria,root,LP,X69,1430.520614
bacteria,root,LP,X7,1430.520676
bacteria,root,LP,X70,1430.52069
bacteria,root,LP,X71,1430.520646
bacteria,root,LP,X72,1430.520806
bacteria,root,LP,X73,1430.520724
bacteria,root,LP,X74,1430.520768
bacteria,root,LP,X75,1430.520714
bacteria,root,LP,X76,1430.521087
bacteria,root,LP,X77,1430.520703
bacteria,root,LP,X78,1430.520792
bacteria,root,LP,X79,1430.520651
bacteria,root,LP,X8,1430.520705
bacteria,root,LP,X80,1430.520666
bacteria,root,LP,X81,1430.520836
bacteria,root,LP,X82,1430.520675
bacteria,root,LP,X83,1430.52078
bacteria,root,LP,X84,1430.520907
bacteria,root,LP,X85,1430.520744
bacteria,root,LP,X86,1430.52083
bacteria,root,LP,X87,1430.520623
bacteria,root,LP,X88,1430.52065
bacteria,root,LP,X89,1430.520808
bacteria,root,LP,X9,1430.520663
bacteria,root,LP,X90,1430.520846
bacteria,root,LP,X91,1430.520666
bacteria,root,LP,X92,1430.520828
bacteria,root,LP,X93,1430.520733
bacteria,root,LP,X94,1430.52086
bacteria,root,LP,X95,1430.520819
bacteria,root,LP,X96,1430.52068
bacteria,root,LP,X97,1430.520775
bacteria,root,LP,X98,1430.520748
bacteria,root,LP,X99,1430.520736