biome,pos,trt,Genotype,Oxalobacteraceae
bacteria,rhizosphere,LP,X1,3423.321373
bacteria,rhizosphere,LP,X10,3418.427824
bacteria,rhizosphere,LP,X100,3445.461608
bacteria,rhizosphere,LP,X101,3462.290556
bacteria,rhizosphere,LP,X102,3275.083234
bacteria,rhizosphere,LP,X103,3237.785017
bacteria,rhizosphere,LP,X104,3468.019566
bacteria,rhizosphere,LP,X105,3265.713914
bacteria,rhizosphere,LP,X106,3377.966694
bacteria,rhizosphere,LP,X107,3299.133161
bacteria,rhizosphere,LP,X108,3427.797142
bacteria,rhizosphere,LP,X109,3338.579779
bacteria,rhizosphere,LP,X11,3387.515043
bacteria,rhizosphere,LP,X110,3264.639744
bacteria,rhizosphere,LP,X111,3565.532099
bacteria,rhizosphere,LP,X112,3303.668627
bacteria,rhizosphere,LP,X113,3400.524669
bacteria,rhizosphere,LP,X114,3291.9122
bacteria,rhizosphere,LP,X115,3478.164704
bacteria,rhizosphere,LP,X116,3570.425634
bacteria,rhizosphere,LP,X117,3474.643733
bacteria,rhizosphere,LP,X118,3375.639309
bacteria,rhizosphere,LP,X119,3201.381936
bacteria,rhizosphere,LP,X12,3280.931598
bacteria,rhizosphere,LP,X120,3401.002087
bacteria,rhizosphere,LP,X121,3265.176822
bacteria,rhizosphere,LP,X122,3302.116995
bacteria,rhizosphere,LP,X123,3287.615465
bacteria,rhizosphere,LP,X124,3169.036897
bacteria,rhizosphere,LP,X125,3223.283456
bacteria,rhizosphere,LP,X126,3274.963902
bacteria,rhizosphere,LP,X127,3388.350527
bacteria,rhizosphere,LP,X128,3321.631434
bacteria,rhizosphere,LP,X129,3559.38533
bacteria,rhizosphere,LP,X13,3500.60333
bacteria,rhizosphere,LP,X14,3414.250424
bacteria,rhizosphere,LP,X15,3430.36328
bacteria,rhizosphere,LP,X16,3408.939172
bacteria,rhizosphere,LP,X17,3689.00417
bacteria,rhizosphere,LP,X18,3343.532985
bacteria,rhizosphere,LP,X19,3457.158335
bacteria,rhizosphere,LP,X2,3356.005494
bacteria,rhizosphere,LP,X20,3339.832994
bacteria,rhizosphere,LP,X21,3365.076442
bacteria,rhizosphere,LP,X22,3381.607005
bacteria,rhizosphere,LP,X23,3385.724753
bacteria,rhizosphere,LP,X24,3191.356147
bacteria,rhizosphere,LP,X25,3465.930864
bacteria,rhizosphere,LP,X26,3412.519808
bacteria,rhizosphere,LP,X27,3318.587923
bacteria,rhizosphere,LP,X28,3395.273097
bacteria,rhizosphere,LP,X29,3393.065021
bacteria,rhizosphere,LP,X3,3381.547325
bacteria,rhizosphere,LP,X30,3395.273077
bacteria,rhizosphere,LP,X31,3426.842307
bacteria,rhizosphere,LP,X32,3377.787688
bacteria,rhizosphere,LP,X33,3386.560234
bacteria,rhizosphere,LP,X34,3319.960476
bacteria,rhizosphere,LP,X35,3401.061764
bacteria,rhizosphere,LP,X36,3438.061637
bacteria,rhizosphere,LP,X37,3434.779375
bacteria,rhizosphere,LP,X38,3308.323422
bacteria,rhizosphere,LP,X39,3317.155648
bacteria,rhizosphere,LP,X4,3328.434652
bacteria,rhizosphere,LP,X40,3374.44576
bacteria,rhizosphere,LP,X41,3335.357186
bacteria,rhizosphere,LP,X42,3509.196844
bacteria,rhizosphere,LP,X43,3339.236222
bacteria,rhizosphere,LP,X44,3302.236375
bacteria,rhizosphere,LP,X45,3254.792989
bacteria,rhizosphere,LP,X46,3406.194005
bacteria,rhizosphere,LP,X47,3284.571903
bacteria,rhizosphere,LP,X48,3474.942119
bacteria,rhizosphere,LP,X49,3437.942263
bacteria,rhizosphere,LP,X5,3418.069786
bacteria,rhizosphere,LP,X50,3250.854295
bacteria,rhizosphere,LP,X51,3571.798187
bacteria,rhizosphere,LP,X52,3491.234012
bacteria,rhizosphere,LP,X53,3415.682693
bacteria,rhizosphere,LP,X54,3422.187512
bacteria,rhizosphere,LP,X55,3439.135806
bacteria,rhizosphere,LP,X56,3312.739533
bacteria,rhizosphere,LP,X57,3390.618257
bacteria,rhizosphere,LP,X58,3437.405171
bacteria,rhizosphere,LP,X59,3235.039867
bacteria,rhizosphere,LP,X6,3311.784702
bacteria,rhizosphere,LP,X60,3955.403139
bacteria,rhizosphere,LP,X61,3454.890583
bacteria,rhizosphere,LP,X62,3222.686668
bacteria,rhizosphere,LP,X63,3354.215195
bacteria,rhizosphere,LP,X64,3352.186171
bacteria,rhizosphere,LP,X65,3304.504102
bacteria,rhizosphere,LP,X66,3493.024322
bacteria,rhizosphere,LP,X67,3410.490759
bacteria,rhizosphere,LP,X68,3384.769896
bacteria,rhizosphere,LP,X69,3351.529727
bacteria,rhizosphere,LP,X7,3324.018541
bacteria,rhizosphere,LP,X70,3334.939465
bacteria,rhizosphere,LP,X71,3291.733168
bacteria,rhizosphere,LP,X72,3793.558598
bacteria,rhizosphere,LP,X73,3413.056878
bacteria,rhizosphere,LP,X74,3947.824115
bacteria,rhizosphere,LP,X75,3599.786808
bacteria,rhizosphere,LP,X76,3430.0052
bacteria,rhizosphere,LP,X77,3518.983897
bacteria,rhizosphere,LP,X78,3475.896971
bacteria,rhizosphere,LP,X79,3460.858301
bacteria,rhizosphere,LP,X8,3443.134197
bacteria,rhizosphere,LP,X80,3411.326259
bacteria,rhizosphere,LP,X81,3459.60508
bacteria,rhizosphere,LP,X82,3323.004012
bacteria,rhizosphere,LP,X83,3500.245242
bacteria,rhizosphere,LP,X84,3406.910131
bacteria,rhizosphere,LP,X85,3327.300791
bacteria,rhizosphere,LP,X86,3332.612055
bacteria,rhizosphere,LP,X87,3405.000461
bacteria,rhizosphere,LP,X88,3314.708883
bacteria,rhizosphere,LP,X89,3577.049795
bacteria,rhizosphere,LP,X9,3227.997959
bacteria,rhizosphere,LP,X90,3340.191041
bacteria,rhizosphere,LP,X91,3366.926415
bacteria,rhizosphere,LP,X92,3477.209849
bacteria,rhizosphere,LP,X93,3218.210879
bacteria,rhizosphere,LP,X94,3345.502327
bacteria,rhizosphere,LP,X95,3380.234452
bacteria,rhizosphere,LP,X96,3393.30375
bacteria,rhizosphere,LP,X97,3394.616653
bacteria,rhizosphere,LP,X98,3390.021485
bacteria,rhizosphere,LP,X99,3343.652334
bacteria,rhizosphere,LN,X1,3946.309441
bacteria,rhizosphere,LN,X10,3873.026744
bacteria,rhizosphere,LN,X100,3831.89656
bacteria,rhizosphere,LN,X101,3901.451822
bacteria,rhizosphere,LN,X102,3804.767454
bacteria,rhizosphere,LN,X103,3935.542198
bacteria,rhizosphere,LN,X104,3848.02259
bacteria,rhizosphere,LN,X105,3811.129254
bacteria,rhizosphere,LN,X106,4024.41972
bacteria,rhizosphere,LN,X107,3850.615917
bacteria,rhizosphere,LN,X108,4024.724334
bacteria,rhizosphere,LN,X109,4067.927283
bacteria,rhizosphere,LN,X11,4003.096766
bacteria,rhizosphere,LN,X110,3967.693318
bacteria,rhizosphere,LN,X111,4245.074493
bacteria,rhizosphere,LN,X112,3942.30462
bacteria,rhizosphere,LN,X113,3904.523794
bacteria,rhizosphere,LN,X114,3896.821694
bacteria,rhizosphere,LN,X115,3919.076982
bacteria,rhizosphere,LN,X116,3956.621461
bacteria,rhizosphere,LN,X117,4106.334951
bacteria,rhizosphere,LN,X118,3868.953657
bacteria,rhizosphere,LN,X119,3659.988705
bacteria,rhizosphere,LN,X12,3877.631035
bacteria,rhizosphere,LN,X120,3806.011745
bacteria,rhizosphere,LN,X121,3728.065741
bacteria,rhizosphere,LN,X122,3888.622962
bacteria,rhizosphere,LN,X123,3825.272062
bacteria,rhizosphere,LN,X124,3849.929687
bacteria,rhizosphere,LN,X125,3742.705688
bacteria,rhizosphere,LN,X126,3673.757241
bacteria,rhizosphere,LN,X127,4043.950079
bacteria,rhizosphere,LN,X128,3922.495998
bacteria,rhizosphere,LN,X129,3674.845115
bacteria,rhizosphere,LN,X13,4204.759727
bacteria,rhizosphere,LN,X14,3960.303176
bacteria,rhizosphere,LN,X15,3870.216955
bacteria,rhizosphere,LN,X16,3704.628984
bacteria,rhizosphere,LN,X17,3865.77694
bacteria,rhizosphere,LN,X18,3783.174458
bacteria,rhizosphere,LN,X19,4057.066958
bacteria,rhizosphere,LN,X2,4129.363742
bacteria,rhizosphere,LN,X20,3906.648746
bacteria,rhizosphere,LN,X21,3733.506357
bacteria,rhizosphere,LN,X22,4109.320165
bacteria,rhizosphere,LN,X23,4037.283151
bacteria,rhizosphere,LN,X24,3830.842381
bacteria,rhizosphere,LN,X25,3822.252277
bacteria,rhizosphere,LN,X26,3898.927639
bacteria,rhizosphere,LN,X27,3803.400804
bacteria,rhizosphere,LN,X28,3705.908362
bacteria,rhizosphere,LN,X29,3736.925373
bacteria,rhizosphere,LN,X3,3800.285009
bacteria,rhizosphere,LN,X30,3714.140273
bacteria,rhizosphere,LN,X31,3867.421854
bacteria,rhizosphere,LN,X32,3935.054816
bacteria,rhizosphere,LN,X33,3824.845603
bacteria,rhizosphere,LN,X34,3894.93309
bacteria,rhizosphere,LN,X35,3920.059089
bacteria,rhizosphere,LN,X36,3808.136697
bacteria,rhizosphere,LN,X37,3956.525967
bacteria,rhizosphere,LN,X38,3976.107998
bacteria,rhizosphere,LN,X39,4021.83513
bacteria,rhizosphere,LN,X4,3905.186601
bacteria,rhizosphere,LN,X40,3836.526688
bacteria,rhizosphere,LN,X41,3686.054896
bacteria,rhizosphere,LN,X42,3734.009818
bacteria,rhizosphere,LN,X43,3758.362829
bacteria,rhizosphere,LN,X44,3813.940435
bacteria,rhizosphere,LN,X45,3920.241858
bacteria,rhizosphere,LN,X46,3666.655633
bacteria,rhizosphere,LN,X47,3808.204963
bacteria,rhizosphere,LN,X48,3805.315759
bacteria,rhizosphere,LN,X49,3961.85208
bacteria,rhizosphere,LN,X5,3913.792784
bacteria,rhizosphere,LN,X50,4182.026814
bacteria,rhizosphere,LN,X51,3712.530446
bacteria,rhizosphere,LN,X52,3705.254291
bacteria,rhizosphere,LN,X53,3826.047979
bacteria,rhizosphere,LN,X54,3727.734777
bacteria,rhizosphere,LN,X55,3756.481568
bacteria,rhizosphere,LN,X56,3844.636754
bacteria,rhizosphere,LN,X57,3843.113686
bacteria,rhizosphere,LN,X58,3883.235926
bacteria,rhizosphere,LN,X59,3760.998586
bacteria,rhizosphere,LN,X6,4053.57587
bacteria,rhizosphere,LN,X60,3970.389997
bacteria,rhizosphere,LN,X61,3925.968594
bacteria,rhizosphere,LN,X62,3924.358767
bacteria,rhizosphere,LN,X63,3879.111674
bacteria,rhizosphere,LN,X64,3927.9717
bacteria,rhizosphere,LN,X65,3915.056082
bacteria,rhizosphere,LN,X66,4072.114872
bacteria,rhizosphere,LN,X67,3992.496211
bacteria,rhizosphere,LN,X68,3968.040362
bacteria,rhizosphere,LN,X69,3910.076498
bacteria,rhizosphere,LN,X7,3924.072646
bacteria,rhizosphere,LN,X70,3932.297214
bacteria,rhizosphere,LN,X71,3972.061262
bacteria,rhizosphere,LN,X72,3814.880627
bacteria,rhizosphere,LN,X73,3912.078212
bacteria,rhizosphere,LN,X74,4239.085573
bacteria,rhizosphere,LN,X75,4054.585206
bacteria,rhizosphere,LN,X76,3972.061262
bacteria,rhizosphere,LN,X77,3835.186388
bacteria,rhizosphere,LN,X78,3763.784952
bacteria,rhizosphere,LN,X79,4036.116884
bacteria,rhizosphere,LN,X8,3894.586046
bacteria,rhizosphere,LN,X80,3839.877438
bacteria,rhizosphere,LN,X81,3862.913572
bacteria,rhizosphere,LN,X82,3808.849277
bacteria,rhizosphere,LN,X83,3864.741254
bacteria,rhizosphere,LN,X84,3904.924417
bacteria,rhizosphere,LN,X85,3879.249598
bacteria,rhizosphere,LN,X86,3996.022386
bacteria,rhizosphere,LN,X87,3993.68883
bacteria,rhizosphere,LN,X88,3861.973895
bacteria,rhizosphere,LN,X89,3816.848647
bacteria,rhizosphere,LN,X9,3713.0524
bacteria,rhizosphere,LN,X90,3753.226828
bacteria,rhizosphere,LN,X91,4098.806369
bacteria,rhizosphere,LN,X92,3791.1466
bacteria,rhizosphere,LN,X93,3916.316967
bacteria,rhizosphere,LN,X94,4056.274963
bacteria,rhizosphere,LN,X95,3827.89174
bacteria,rhizosphere,LN,X96,3789.006961
bacteria,rhizosphere,LN,X97,3879.371444
bacteria,rhizosphere,LN,X98,3964.715448
bacteria,rhizosphere,LN,X99,3956.239846
bacteria,rhizosphere,D,X1,5279.090545
bacteria,rhizosphere,D,X10,5160.401977
bacteria,rhizosphere,D,X100,5547.162776
bacteria,rhizosphere,D,X101,5602.406336
bacteria,rhizosphere,D,X102,5301.828253
bacteria,rhizosphere,D,X103,5240.823579
bacteria,rhizosphere,D,X104,5087.566773
bacteria,rhizosphere,D,X105,5283.554695
bacteria,rhizosphere,D,X106,5508.843915
bacteria,rhizosphere,D,X107,5363.167981
bacteria,rhizosphere,D,X108,5393.774357
bacteria,rhizosphere,D,X109,5378.699196
bacteria,rhizosphere,D,X11,5221.256625
bacteria,rhizosphere,D,X110,5764.48431
bacteria,rhizosphere,D,X111,5277.993544
bacteria,rhizosphere,D,X112,5630.085476
bacteria,rhizosphere,D,X113,5173.21956
bacteria,rhizosphere,D,X114,5238.086762
bacteria,rhizosphere,D,X115,5274.471596
bacteria,rhizosphere,D,X116,5214.957466
bacteria,rhizosphere,D,X117,5504.542362
bacteria,rhizosphere,D,X118,5462.764061
bacteria,rhizosphere,D,X119,5029.160257
bacteria,rhizosphere,D,X12,5384.045539
bacteria,rhizosphere,D,X120,5136.037023
bacteria,rhizosphere,D,X121,4976.423322
bacteria,rhizosphere,D,X122,5095.678959
bacteria,rhizosphere,D,X123,5178.987404
bacteria,rhizosphere,D,X124,5409.229422
bacteria,rhizosphere,D,X125,5118.9285
bacteria,rhizosphere,D,X126,5234.01063
bacteria,rhizosphere,D,X127,4975.557269
bacteria,rhizosphere,D,X128,5008.265356
bacteria,rhizosphere,D,X129,5223.73931
bacteria,rhizosphere,D,X13,5232.105313
bacteria,rhizosphere,D,X14,5226.654864
bacteria,rhizosphere,D,X15,5275.510859
bacteria,rhizosphere,D,X16,5144.217244
bacteria,rhizosphere,D,X17,5197.064882
bacteria,rhizosphere,D,X18,5069.460584
bacteria,rhizosphere,D,X19,5378.166993
bacteria,rhizosphere,D,X2,5233.236866
bacteria,rhizosphere,D,X20,5050.683534
bacteria,rhizosphere,D,X21,4925.221342
bacteria,rhizosphere,D,X22,5295.246252
bacteria,rhizosphere,D,X23,5165.534716
bacteria,rhizosphere,D,X24,5404.022492
bacteria,rhizosphere,D,X25,5126.712363
bacteria,rhizosphere,D,X26,5253.237003
bacteria,rhizosphere,D,X27,5179.564772
bacteria,rhizosphere,D,X28,4875.683118
bacteria,rhizosphere,D,X29,5137.19176
bacteria,rhizosphere,D,X3,5123.97002
bacteria,rhizosphere,D,X30,5287.365328
bacteria,rhizosphere,D,X31,5199.432093
bacteria,rhizosphere,D,X32,5013.455832
bacteria,rhizosphere,D,X33,5192.151408
bacteria,rhizosphere,D,X34,4959.275475
bacteria,rhizosphere,D,X35,5149.720658
bacteria,rhizosphere,D,X36,5452.070171
bacteria,rhizosphere,D,X37,5436.643817
bacteria,rhizosphere,D,X38,5139.270287
bacteria,rhizosphere,D,X39,5473.88409
bacteria,rhizosphere,D,X4,5099.528916
bacteria,rhizosphere,D,X40,5399.876051
bacteria,rhizosphere,D,X41,5278.416115
bacteria,rhizosphere,D,X42,5237.821262
bacteria,rhizosphere,D,X43,5221.584634
bacteria,rhizosphere,D,X44,5014.95699
bacteria,rhizosphere,D,X45,5332.400077
bacteria,rhizosphere,D,X46,5291.262408
bacteria,rhizosphere,D,X47,4982.630191
bacteria,rhizosphere,D,X48,5266.839717
bacteria,rhizosphere,D,X49,5384.363249
bacteria,rhizosphere,D,X5,5089.3798
bacteria,rhizosphere,D,X50,5321.545548
bacteria,rhizosphere,D,X51,5390.858488
bacteria,rhizosphere,D,X52,5597.868309
bacteria,rhizosphere,D,X53,5225.857161
bacteria,rhizosphere,D,X54,5365.535192
bacteria,rhizosphere,D,X55,5563.809404
bacteria,rhizosphere,D,X56,5364.559507
bacteria,rhizosphere,D,X57,5226.799364
bacteria,rhizosphere,D,X58,5412.740758
bacteria,rhizosphere,D,X59,5118.883335
bacteria,rhizosphere,D,X6,5001.769802
bacteria,rhizosphere,D,X60,5455.43148
bacteria,rhizosphere,D,X61,5210.286622
bacteria,rhizosphere,D,X62,5111.643043
bacteria,rhizosphere,D,X63,5619.911217
bacteria,rhizosphere,D,X64,5473.721493
bacteria,rhizosphere,D,X65,5167.947093
bacteria,rhizosphere,D,X66,5308.01671
bacteria,rhizosphere,D,X67,5308.727965
bacteria,rhizosphere,D,X68,5301.077674
bacteria,rhizosphere,D,X69,5181.585562
bacteria,rhizosphere,D,X7,5320.256924
bacteria,rhizosphere,D,X70,5399.125472
bacteria,rhizosphere,D,X71,5170.707849
bacteria,rhizosphere,D,X72,5478.618513
bacteria,rhizosphere,D,X73,5199.085672
bacteria,rhizosphere,D,X74,5611.355549
bacteria,rhizosphere,D,X75,5567.671932
bacteria,rhizosphere,D,X76,5226.423917
bacteria,rhizosphere,D,X77,5340.464825
bacteria,rhizosphere,D,X78,5274.875754
bacteria,rhizosphere,D,X79,5305.14828
bacteria,rhizosphere,D,X8,5052.588851
bacteria,rhizosphere,D,X80,5308.074447
bacteria,rhizosphere,D,X81,5217.792414
bacteria,rhizosphere,D,X82,5312.394098
bacteria,rhizosphere,D,X83,5091.406432
bacteria,rhizosphere,D,X84,5266.839717
bacteria,rhizosphere,D,X85,5233.664208
bacteria,rhizosphere,D,X86,5158.824669
bacteria,rhizosphere,D,X87,5189.183643
bacteria,rhizosphere,D,X88,5343.514265
bacteria,rhizosphere,D,X89,5394.795208
bacteria,rhizosphere,D,X9,5089.148853
bacteria,rhizosphere,D,X90,5235.026709
bacteria,rhizosphere,D,X91,5283.785643
bacteria,rhizosphere,D,X92,5425.818313
bacteria,rhizosphere,D,X93,5385.835382
bacteria,rhizosphere,D,X94,5478.398178
bacteria,rhizosphere,D,X95,5324.195602
bacteria,rhizosphere,D,X96,5229.667794
bacteria,rhizosphere,D,X97,5415.015679
bacteria,rhizosphere,D,X98,5464.386534
bacteria,rhizosphere,D,X99,5201.954102
bacteria,rhizosphere,CK,X1,3147.845077
bacteria,rhizosphere,CK,X10,3107.185309
bacteria,rhizosphere,CK,X100,3225.165019
bacteria,rhizosphere,CK,X101,3422.187917
bacteria,rhizosphere,CK,X102,3518.203689
bacteria,rhizosphere,CK,X103,3128.220623
bacteria,rhizosphere,CK,X104,3350.880705
bacteria,rhizosphere,CK,X105,3123.908212
bacteria,rhizosphere,CK,X106,3197.845993
bacteria,rhizosphere,CK,X107,3410.537055
bacteria,rhizosphere,CK,X108,3102.393915
bacteria,rhizosphere,CK,X109,3242.274583
bacteria,rhizosphere,CK,X11,3084.167829
bacteria,rhizosphere,CK,X110,3077.289456
bacteria,rhizosphere,CK,X111,3065.639793
bacteria,rhizosphere,CK,X112,2974.896024
bacteria,rhizosphere,CK,X113,2925.582092
bacteria,rhizosphere,CK,X114,3025.911473
bacteria,rhizosphere,CK,X115,3120.036204
bacteria,rhizosphere,CK,X116,3301.462387
bacteria,rhizosphere,CK,X117,3566.493422
bacteria,rhizosphere,CK,X118,2904.810148
bacteria,rhizosphere,CK,X119,2871.082494
bacteria,rhizosphere,CK,X12,3020.462437
bacteria,rhizosphere,CK,X120,3009.384508
bacteria,rhizosphere,CK,X121,3068.75217
bacteria,rhizosphere,CK,X122,3093.092974
bacteria,rhizosphere,CK,X123,3062.268498
bacteria,rhizosphere,CK,X124,2979.394706
bacteria,rhizosphere,CK,X125,2956.283278
bacteria,rhizosphere,CK,X126,3066.590147
bacteria,rhizosphere,CK,X127,2993.780951
bacteria,rhizosphere,CK,X128,3345.721556
bacteria,rhizosphere,CK,X129,3132.739408
bacteria,rhizosphere,CK,X13,3166.551772
bacteria,rhizosphere,CK,X14,3196.052924
bacteria,rhizosphere,CK,X15,3215.864078
bacteria,rhizosphere,CK,X16,3152.260675
bacteria,rhizosphere,CK,X17,2943.244485
bacteria,rhizosphere,CK,X18,3077.676117
bacteria,rhizosphere,CK,X19,3136.947005
bacteria,rhizosphere,CK,X2,3160.822088
bacteria,rhizosphere,CK,X20,2993.768888
bacteria,rhizosphere,CK,X21,3024.114381
bacteria,rhizosphere,CK,X22,3356.517639
bacteria,rhizosphere,CK,X23,3223.954548
bacteria,rhizosphere,CK,X24,3199.81088
bacteria,rhizosphere,CK,X25,3086.508511
bacteria,rhizosphere,CK,X26,3246.408334
bacteria,rhizosphere,CK,X27,3156.123445
bacteria,rhizosphere,CK,X28,3044.971036
bacteria,rhizosphere,CK,X29,3068.666261
bacteria,rhizosphere,CK,X3,3819.975583
bacteria,rhizosphere,CK,X30,3133.303102
bacteria,rhizosphere,CK,X31,3168.158142
bacteria,rhizosphere,CK,X32,3048.739857
bacteria,rhizosphere,CK,X33,3130.005652
bacteria,rhizosphere,CK,X34,3236.732796
bacteria,rhizosphere,CK,X35,2918.254078
bacteria,rhizosphere,CK,X36,3028.060235
bacteria,rhizosphere,CK,X37,3026.663064
bacteria,rhizosphere,CK,X38,3087.831836
bacteria,rhizosphere,CK,X39,3130.946339
bacteria,rhizosphere,CK,X4,3337.903694
bacteria,rhizosphere,CK,X40,3364.679129
bacteria,rhizosphere,CK,X41,3176.613543
bacteria,rhizosphere,CK,X42,3181.677545
bacteria,rhizosphere,CK,X43,3058.687575
bacteria,rhizosphere,CK,X44,3049.491448
bacteria,rhizosphere,CK,X45,3246.793368
bacteria,rhizosphere,CK,X46,3226.680264
bacteria,rhizosphere,CK,X47,3015.679084
bacteria,rhizosphere,CK,X48,3227.05606
bacteria,rhizosphere,CK,X49,3155.381092
bacteria,rhizosphere,CK,X5,3179.892516
bacteria,rhizosphere,CK,X50,3311.993902
bacteria,rhizosphere,CK,X51,3167.774306
bacteria,rhizosphere,CK,X52,3213.150425
bacteria,rhizosphere,CK,X53,3013.780002
bacteria,rhizosphere,CK,X54,3094.023224
bacteria,rhizosphere,CK,X55,3252.993995
bacteria,rhizosphere,CK,X56,3234.580012
bacteria,rhizosphere,CK,X57,3276.481219
bacteria,rhizosphere,CK,X58,3320.535211
bacteria,rhizosphere,CK,X59,3460.893664
bacteria,rhizosphere,CK,X6,3092.145445
bacteria,rhizosphere,CK,X60,3218.317614
bacteria,rhizosphere,CK,X61,3265.113403
bacteria,rhizosphere,CK,X62,3302.215177
bacteria,rhizosphere,CK,X63,3132.719305
bacteria,rhizosphere,CK,X64,3059.627064
bacteria,rhizosphere,CK,X65,3507.481452
bacteria,rhizosphere,CK,X66,3128.303707
bacteria,rhizosphere,CK,X67,3316.315551
bacteria,rhizosphere,CK,X68,3456.479264
bacteria,rhizosphere,CK,X69,3142.125059
bacteria,rhizosphere,CK,X7,3189.934183
bacteria,rhizosphere,CK,X70,3220.467574
bacteria,rhizosphere,CK,X71,3164.298197
bacteria,rhizosphere,CK,X72,3394.097197
bacteria,rhizosphere,CK,X73,3117.143892
bacteria,rhizosphere,CK,X74,3422.845559
bacteria,rhizosphere,CK,X75,3273.465616
bacteria,rhizosphere,CK,X76,3263.508232
bacteria,rhizosphere,CK,X77,3331.327271
bacteria,rhizosphere,CK,X78,3364.679129
bacteria,rhizosphere,CK,X79,3214.005203
bacteria,rhizosphere,CK,X8,3011.807076
bacteria,rhizosphere,CK,X80,3189.558387
bacteria,rhizosphere,CK,X81,3479.504784
bacteria,rhizosphere,CK,X82,3335.191239
bacteria,rhizosphere,CK,X83,3052.788898
bacteria,rhizosphere,CK,X84,3035.118465
bacteria,rhizosphere,CK,X85,3229.873328
bacteria,rhizosphere,CK,X86,2985.313487
bacteria,rhizosphere,CK,X87,3400.203875
bacteria,rhizosphere,CK,X88,3094.024423
bacteria,rhizosphere,CK,X89,3372.946632
bacteria,rhizosphere,CK,X9,2924.257569
bacteria,rhizosphere,CK,X90,3236.075154
bacteria,rhizosphere,CK,X91,3036.723636
bacteria,rhizosphere,CK,X92,3208.274321
bacteria,rhizosphere,CK,X93,3201.126165
bacteria,rhizosphere,CK,X94,3205.905495
bacteria,rhizosphere,CK,X95,3191.166383
bacteria,rhizosphere,CK,X96,3023.832534
bacteria,rhizosphere,CK,X97,3173.410042
bacteria,rhizosphere,CK,X98,3220.017933
bacteria,rhizosphere,CK,X99,3230.14431
bacteria,root,CK,X1,1459.394147
bacteria,root,CK,X10,1290.484169
bacteria,root,CK,X100,1304.258693
bacteria,root,CK,X101,1556.594419
bacteria,root,CK,X102,1390.831359
bacteria,root,CK,X103,1160.364358
bacteria,root,CK,X104,1531.750663
bacteria,root,CK,X105,1203.185971
bacteria,root,CK,X106,1164.471118
bacteria,root,CK,X107,1410.665199
bacteria,root,CK,X108,1079.450264
bacteria,root,CK,X109,1188.727646
bacteria,root,CK,X11,1259.153432
bacteria,root,CK,X110,1291.422753
bacteria,root,CK,X111,1112.340679
bacteria,root,CK,X112,1062.783605
bacteria,root,CK,X113,1113.679439
bacteria,root,CK,X114,1094.70759
bacteria,root,CK,X115,1128.144068
bacteria,root,CK,X116,1060.161209
bacteria,root,CK,X117,1117.06697
bacteria,root,CK,X118,1111.435961
bacteria,root,CK,X119,1036.145578
bacteria,root,CK,X12,1179.962737
bacteria,root,CK,X120,1077.655993
bacteria,root,CK,X121,1118.240147
bacteria,root,CK,X122,1127.895588
bacteria,root,CK,X123,1137.866957
bacteria,root,CK,X124,1417.849866
bacteria,root,CK,X125,1167.825067
bacteria,root,CK,X126,1144.560969
bacteria,root,CK,X127,1538.306654
bacteria,root,CK,X128,1184.277112
bacteria,root,CK,X129,1318.571415
bacteria,root,CK,X13,1206.049265
bacteria,root,CK,X14,1059.926331
bacteria,root,CK,X15,1101.229999
bacteria,root,CK,X16,1183.973508
bacteria,root,CK,X17,1287.44771
bacteria,root,CK,X18,1186.726343
bacteria,root,CK,X19,1366.437094
bacteria,root,CK,X2,1160.750574
bacteria,root,CK,X20,1149.123239
bacteria,root,CK,X21,1157.266471
bacteria,root,CK,X22,1825.388549
bacteria,root,CK,X23,1604.929569
bacteria,root,CK,X24,1373.233698
bacteria,root,CK,X25,1189.665946
bacteria,root,CK,X26,1107.916429
bacteria,root,CK,X27,1155.257586
bacteria,root,CK,X28,1134.147975
bacteria,root,CK,X29,1285.998491
bacteria,root,CK,X3,1351.351371
bacteria,root,CK,X30,1144.596113
bacteria,root,CK,X31,1294.141722
bacteria,root,CK,X32,1183.482853
bacteria,root,CK,X33,1082.865641
bacteria,root,CK,X34,1333.897751
bacteria,root,CK,X35,1209.013554
bacteria,root,CK,X36,1192.02081
bacteria,root,CK,X37,1182.833913
bacteria,root,CK,X38,1108.158604
bacteria,root,CK,X39,1655.831422
bacteria,root,CK,X4,1216.13237
bacteria,root,CK,X40,1134.562038
bacteria,root,CK,X41,1427.091932
bacteria,root,CK,X42,1052.846103
bacteria,root,CK,X43,1028.354981
bacteria,root,CK,X44,1151.323991
bacteria,root,CK,X45,1140.041425
bacteria,root,CK,X46,1081.457586
bacteria,root,CK,X47,1116.025794
bacteria,root,CK,X48,1100.021393
bacteria,root,CK,X49,1220.024517
bacteria,root,CK,X5,1395.344883
bacteria,root,CK,X50,1306.63261
bacteria,root,CK,X51,1005.61512
bacteria,root,CK,X52,1388.857902
bacteria,root,CK,X53,1017.313312
bacteria,root,CK,X54,1131.932059
bacteria,root,CK,X55,1118.993242
bacteria,root,CK,X56,1070.75495
bacteria,root,CK,X57,1099.826113
bacteria,root,CK,X58,1027.767469
bacteria,root,CK,X59,1146.631282
bacteria,root,CK,X6,1332.931605
bacteria,root,CK,X60,1384.993318
bacteria,root,CK,X61,1213.399515
bacteria,root,CK,X62,1151.089114
bacteria,root,CK,X63,1386.243088
bacteria,root,CK,X64,1364.090739
bacteria,root,CK,X65,1188.804239
bacteria,root,CK,X66,1169.343296
bacteria,root,CK,X67,1213.176313
bacteria,root,CK,X68,1515.188159
bacteria,root,CK,X69,1208.53364
bacteria,root,CK,X7,1248.291232
bacteria,root,CK,X70,1143.464384
bacteria,root,CK,X71,1169.881615
bacteria,root,CK,X72,1120.655513
bacteria,root,CK,X73,1266.123486
bacteria,root,CK,X74,1109.751864
bacteria,root,CK,X75,1091.836998
bacteria,root,CK,X76,1821.801514
bacteria,root,CK,X77,1128.075057
bacteria,root,CK,X78,1669.047843
bacteria,root,CK,X79,1616.696487
bacteria,root,CK,X8,1185.008665
bacteria,root,CK,X80,1471.539983
bacteria,root,CK,X81,1578.050644
bacteria,root,CK,X82,1505.181646
bacteria,root,CK,X83,1193.593521
bacteria,root,CK,X84,1165.512294
bacteria,root,CK,X85,1189.41775
bacteria,root,CK,X86,1139.66881
bacteria,root,CK,X87,1232.314393
bacteria,root,CK,X88,1021.41851
bacteria,root,CK,X89,1082.942234
bacteria,root,CK,X9,1265.398237
bacteria,root,CK,X90,1287.108677
bacteria,root,CK,X91,1132.312256
bacteria,root,CK,X92,1159.640388
bacteria,root,CK,X93,1285.452427
bacteria,root,CK,X94,1286.937075
bacteria,root,CK,X95,1210.327912
bacteria,root,CK,X96,1145.672718
bacteria,root,CK,X97,1257.94511
bacteria,root,CK,X98,1224.924257
bacteria,root,CK,X99,1345.18188
bacteria,root,D,X1,984.3744727
bacteria,root,D,X10,991.1995317
bacteria,root,D,X100,978.3849703
bacteria,root,D,X101,1279.389929
bacteria,root,D,X102,1158.735417
bacteria,root,D,X103,952.9754221
bacteria,root,D,X104,1052.900293
bacteria,root,D,X105,964.0306549
bacteria,root,D,X106,988.6678863
bacteria,root,D,X107,975.9454724
bacteria,root,D,X108,1056.898815
bacteria,root,D,X109,1039.977575
bacteria,root,D,X11,1005.341345
bacteria,root,D,X110,1099.224724
bacteria,root,D,X111,1014.877712
bacteria,root,D,X112,938.8352567
bacteria,root,D,X113,1001.820093
bacteria,root,D,X114,1018.074733
bacteria,root,D,X115,1178.137962
bacteria,root,D,X116,1047.696006
bacteria,root,D,X117,962.6255253
bacteria,root,D,X118,1069.678097
bacteria,root,D,X119,939.7614684
bacteria,root,D,X12,1032.214898
bacteria,root,D,X120,991.8170061
bacteria,root,D,X121,1139.840699
bacteria,root,D,X122,1036.275168
bacteria,root,D,X123,956.4332791
bacteria,root,D,X124,1037.045045
bacteria,root,D,X125,1147.264238
bacteria,root,D,X126,995.8281504
bacteria,root,D,X127,1008.623715
bacteria,root,D,X128,1021.638201
bacteria,root,D,X129,1134.638851
bacteria,root,D,X13,1014.105395
bacteria,root,D,X14,991.585078
bacteria,root,D,X15,1070.265172
bacteria,root,D,X16,989.4995108
bacteria,root,D,X17,1033.126048
bacteria,root,D,X18,912.5925916
bacteria,root,D,X19,1072.982059
bacteria,root,D,X2,1010.479797
bacteria,root,D,X20,1123.861956
bacteria,root,D,X21,986.7208757
bacteria,root,D,X22,1024.249478
bacteria,root,D,X23,1183.910874
bacteria,root,D,X24,1047.775255
bacteria,root,D,X25,1381.890691
bacteria,root,D,X26,1029.295267
bacteria,root,D,X27,1032.691909
bacteria,root,D,X28,1025.31303
bacteria,root,D,X29,1499.689759
bacteria,root,D,X3,1152.545611
bacteria,root,D,X30,955.1390225
bacteria,root,D,X31,1038.683319
bacteria,root,D,X32,1216.081294
bacteria,root,D,X33,1304.009659
bacteria,root,D,X34,933.9129624
bacteria,root,D,X35,1014.293077
bacteria,root,D,X36,1041.923093
bacteria,root,D,X37,1029.312768
bacteria,root,D,X38,933.3421737
bacteria,root,D,X39,1165.712879
bacteria,root,D,X4,953.4390017
bacteria,root,D,X40,941.8922291
bacteria,root,D,X41,1200.893862
bacteria,root,D,X42,989.5916582
bacteria,root,D,X43,1175.112337
bacteria,root,D,X44,947.8503839
bacteria,root,D,X45,1137.911466
bacteria,root,D,X46,930.0228733
bacteria,root,D,X47,956.2504766
bacteria,root,D,X48,1043.452934
bacteria,root,D,X49,1248.933376
bacteria,root,D,X5,993.0495152
bacteria,root,D,X50,946.6796223
bacteria,root,D,X51,972.8138541
bacteria,root,D,X52,1060.230738
bacteria,root,D,X53,1021.855173
bacteria,root,D,X54,1209.783055
bacteria,root,D,X55,1081.165562
bacteria,root,D,X56,1082.338764
bacteria,root,D,X57,1005.03096
bacteria,root,D,X58,974.4192877
bacteria,root,D,X59,1147.109396
bacteria,root,D,X6,1080.06917
bacteria,root,D,X60,1142.540085
bacteria,root,D,X61,1046.093012
bacteria,root,D,X62,994.1167234
bacteria,root,D,X63,940.2867954
bacteria,root,D,X64,986.9678655
bacteria,root,D,X65,1160.04596
bacteria,root,D,X66,1142.756675
bacteria,root,D,X67,1005.895424
bacteria,root,D,X68,1033.449847
bacteria,root,D,X69,946.4135363
bacteria,root,D,X7,926.825852
bacteria,root,D,X70,1035.624854
bacteria,root,D,X71,1132.30751
bacteria,root,D,X72,1109.58445
bacteria,root,D,X73,1120.436939
bacteria,root,D,X74,1208.812597
bacteria,root,D,X75,1246.955018
bacteria,root,D,X76,1112.671822
bacteria,root,D,X77,1162.94809
bacteria,root,D,X78,1123.614966
bacteria,root,D,X79,1118.646263
bacteria,root,D,X8,1115.587798
bacteria,root,D,X80,1077.736613
bacteria,root,D,X81,947.4823391
bacteria,root,D,X82,1049.071951
bacteria,root,D,X83,1033.311291
bacteria,root,D,X84,1051.233112
bacteria,root,D,X85,1231.085924
bacteria,root,D,X86,1129.974953
bacteria,root,D,X87,1256.049394
bacteria,root,D,X88,987.571494
bacteria,root,D,X89,1093.420464
bacteria,root,D,X9,1328.832133
bacteria,root,D,X90,1272.535962
bacteria,root,D,X91,1111.421811
bacteria,root,D,X92,1154.892014
bacteria,root,D,X93,1109.399207
bacteria,root,D,X94,1207.776736
bacteria,root,D,X95,1274.309137
bacteria,root,D,X96,934.3433317
bacteria,root,D,X97,1061.342192
bacteria,root,D,X98,1231.088364
bacteria,root,D,X99,1483.355593
bacteria,root,LN,X1,2500.642837
bacteria,root,LN,X10,1276.984923
bacteria,root,LN,X100,1645.107979
bacteria,root,LN,X101,2072.886943
bacteria,root,LN,X102,1262.540831
bacteria,root,LN,X103,1287.326884
bacteria,root,LN,X104,3113.245229
bacteria,root,LN,X105,1180.359468
bacteria,root,LN,X106,1038.109361
bacteria,root,LN,X107,1224.847266
bacteria,root,LN,X108,1073.127008
bacteria,root,LN,X109,1363.028932
bacteria,root,LN,X11,1097.973553
bacteria,root,LN,X110,960.44761
bacteria,root,LN,X111,1683.467558
bacteria,root,LN,X112,1029.271532
bacteria,root,LN,X113,1367.217115
bacteria,root,LN,X114,1428.246889
bacteria,root,LN,X115,1656.732094
bacteria,root,LN,X116,1310.139209
bacteria,root,LN,X117,1205.437367
bacteria,root,LN,X118,1548.288264
bacteria,root,LN,X119,1033.194671
bacteria,root,LN,X12,2457.645147
bacteria,root,LN,X120,1030.560212
bacteria,root,LN,X121,993.2972693
bacteria,root,LN,X122,2266.633007
bacteria,root,LN,X123,958.5097326
bacteria,root,LN,X124,1031.500012
bacteria,root,LN,X125,1480.045547
bacteria,root,LN,X126,1459.799689
bacteria,root,LN,X127,1015.237786
bacteria,root,LN,X128,2027.17624
bacteria,root,LN,X129,1270.736961
bacteria,root,LN,X13,1476.07345
bacteria,root,LN,X14,3077.639572
bacteria,root,LN,X15,1329.513259
bacteria,root,LN,X16,1381.967077
bacteria,root,LN,X17,1308.370033
bacteria,root,LN,X18,1401.969717
bacteria,root,LN,X19,1523.635978
bacteria,root,LN,X2,1055.195681
bacteria,root,LN,X20,1188.861468
bacteria,root,LN,X21,1266.307134
bacteria,root,LN,X22,3210.161287
bacteria,root,LN,X23,1367.242674
bacteria,root,LN,X24,1564.331915
bacteria,root,LN,X25,1924.824779
bacteria,root,LN,X26,1220.19762
bacteria,root,LN,X27,1342.977334
bacteria,root,LN,X28,1262.093392
bacteria,root,LN,X29,1166.701133
bacteria,root,LN,X3,1315.344502
bacteria,root,LN,X30,915.3296475
bacteria,root,LN,X31,1460.936542
bacteria,root,LN,X32,1460.235593
bacteria,root,LN,X33,1357.507477
bacteria,root,LN,X34,1350.884105
bacteria,root,LN,X35,1253.300789
bacteria,root,LN,X36,1456.797317
bacteria,root,LN,X37,1248.30129
bacteria,root,LN,X38,972.1425091
bacteria,root,LN,X39,915.1250964
bacteria,root,LN,X4,1224.750923
bacteria,root,LN,X40,1228.238158
bacteria,root,LN,X41,946.7147577
bacteria,root,LN,X42,1074.750882
bacteria,root,LN,X43,1315.273718
bacteria,root,LN,X44,1144.786174
bacteria,root,LN,X45,1709.692601
bacteria,root,LN,X46,1280.122305
bacteria,root,LN,X47,1165.248118
bacteria,root,LN,X48,1269.943023
bacteria,root,LN,X49,1210.872769
bacteria,root,LN,X5,1365.934961
bacteria,root,LN,X50,1276.113114
bacteria,root,LN,X51,1123.923261
bacteria,root,LN,X52,1204.940969
bacteria,root,LN,X53,1128.125468
bacteria,root,LN,X54,1284.566156
bacteria,root,LN,X55,1124.854319
bacteria,root,LN,X56,1327.985727
bacteria,root,LN,X57,1040.579486
bacteria,root,LN,X58,881.5604646
bacteria,root,LN,X59,1960.072535
bacteria,root,LN,X6,1075.828485
bacteria,root,LN,X60,1250.129716
bacteria,root,LN,X61,984.9290356
bacteria,root,LN,X62,848.8676413
bacteria,root,LN,X63,1617.355405
bacteria,root,LN,X64,1028.593984
bacteria,root,LN,X65,1872.359426
bacteria,root,LN,X66,1419.600149
bacteria,root,LN,X67,1110.76008
bacteria,root,LN,X68,1511.296891
bacteria,root,LN,X69,1162.658251
bacteria,root,LN,X7,1287.957048
bacteria,root,LN,X70,1085.552147
bacteria,root,LN,X71,1477.296354
bacteria,root,LN,X72,1256.438171
bacteria,root,LN,X73,1536.783892
bacteria,root,LN,X74,1907.679209
bacteria,root,LN,X75,1321.763324
bacteria,root,LN,X76,1588.451953
bacteria,root,LN,X77,1304.521412
bacteria,root,LN,X78,1163.869621
bacteria,root,LN,X79,1023.433916
bacteria,root,LN,X8,1255.554828
bacteria,root,LN,X80,1157.621659
bacteria,root,LN,X81,1774.642343
bacteria,root,LN,X82,1169.40261
bacteria,root,LN,X83,1476.047891
bacteria,root,LN,X84,1249.3184
bacteria,root,LN,X85,1195.641677
bacteria,root,LN,X86,1625.201682
bacteria,root,LN,X87,1284.045444
bacteria,root,LN,X88,991.9895563
bacteria,root,LN,X89,1069.665771
bacteria,root,LN,X9,1497.432761
bacteria,root,LN,X90,1358.344654
bacteria,root,LN,X91,1387.144154
bacteria,root,LN,X92,1543.322456
bacteria,root,LN,X93,1034.148672
bacteria,root,LN,X94,1259.913871
bacteria,root,LN,X95,1229.35161
bacteria,root,LN,X96,1096.449755
bacteria,root,LN,X97,1292.848338
bacteria,root,LN,X98,1407.901517
bacteria,root,LN,X99,1591.346447
bacteria,root,LP,X1,1477.493383
bacteria,root,LP,X10,1477.493313
bacteria,root,LP,X100,1477.493259
bacteria,root,LP,X101,1477.493402
bacteria,root,LP,X102,1477.493293
bacteria,root,LP,X103,1477.493212
bacteria,root,LP,X104,1477.493332
bacteria,root,LP,X105,1477.493379
bacteria,root,LP,X106,1477.493323
bacteria,root,LP,X107,1477.493339
bacteria,root,LP,X108,1477.493194
bacteria,root,LP,X109,1477.493402
bacteria,root,LP,X11,1477.493539
bacteria,root,LP,X110,1477.493232
bacteria,root,LP,X111,1477.493196
bacteria,root,LP,X112,1477.493294
bacteria,root,LP,X113,1477.493253
bacteria,root,LP,X114,1477.493436
bacteria,root,LP,X115,1477.493271
bacteria,root,LP,X116,1477.493397
bacteria,root,LP,X117,1477.493369
bacteria,root,LP,X118,1477.493196
bacteria,root,LP,X119,1477.493282
bacteria,root,LP,X12,1477.493298
bacteria,root,LP,X120,1477.493313
bacteria,root,LP,X121,1477.493382
bacteria,root,LP,X122,1477.493401
bacteria,root,LP,X123,1477.493319
bacteria,root,LP,X124,1477.493451
bacteria,root,LP,X125,1477.493387
bacteria,root,LP,X126,1477.493389
bacteria,root,LP,X127,1477.493355
bacteria,root,LP,X128,1477.493331
bacteria,root,LP,X129,1477.493326
bacteria,root,LP,X13,1477.493403
bacteria,root,LP,X14,1477.493225
bacteria,root,LP,X15,1477.493354
bacteria,root,LP,X16,1477.493318
bacteria,root,LP,X17,1477.493377
bacteria,root,LP,X18,1477.493276
bacteria,root,LP,X19,1477.49327
bacteria,root,LP,X2,1477.493264
bacteria,root,LP,X20,1477.493317
bacteria,root,LP,X21,1477.493375
bacteria,root,LP,X22,1477.493371
bacteria,root,LP,X23,1477.493825
bacteria,root,LP,X24,1477.493334
bacteria,root,LP,X25,1477.493407
bacteria,root,LP,X26,1477.493351
bacteria,root,LP,X27,1477.493342
bacteria,root,LP,X28,1477.49333
bacteria,root,LP,X29,1477.493418
bacteria,root,LP,X3,1477.493471
bacteria,root,LP,X30,1477.493279
bacteria,root,LP,X31,1477.493325
bacteria,root,LP,X32,1477.493388
bacteria,root,LP,X33,1477.493441
bacteria,root,LP,X34,1477.493443
bacteria,root,LP,X35,1477.493371
bacteria,root,LP,X36,1477.493401
bacteria,root,LP,X37,1477.493609
bacteria,root,LP,X38,1477.493537
bacteria,root,LP,X39,1477.4932
bacteria,root,LP,X4,1477.493351
bacteria,root,LP,X40,1477.493472
bacteria,root,LP,X41,1477.493278
bacteria,root,LP,X42,1477.493267
bacteria,root,LP,X43,1477.493244
bacteria,root,LP,X44,1477.493316
bacteria,root,LP,X45,1477.493249
bacteria,root,LP,X46,1477.493449
bacteria,root,LP,X47,1477.493326
bacteria,root,LP,X48,1477.493305
bacteria,root,LP,X49,1477.49332
bacteria,root,LP,X5,1477.493451
bacteria,root,LP,X50,1477.493421
bacteria,root,LP,X51,1477.493287
bacteria,root,LP,X52,1477.493368
bacteria,root,LP,X53,1477.493319
bacteria,root,LP,X54,1477.493312
bacteria,root,LP,X55,1477.493217
bacteria,root,LP,X56,1477.493276
bacteria,root,LP,X57,1477.493368
bacteria,root,LP,X58,1477.493399
bacteria,root,LP,X59,1477.49333
bacteria,root,LP,X6,1477.493314
bacteria,root,LP,X60,1477.493385
bacteria,root,LP,X61,1477.493431
bacteria,root,LP,X62,1477.493338
bacteria,root,LP,X63,1477.493461
bacteria,root,LP,X64,1477.493591
bacteria,root,LP,X65,1477.493308
bacteria,root,LP,X66,1477.493391
bacteria,root,LP,X67,1477.493379
bacteria,root,LP,X68,1477.493236
bacteria,root,LP,X69,1477.493204
bacteria,root,LP,X7,1477.493274
bacteria,root,LP,X70,1477.493285
bacteria,root,LP,X71,1477.49324
bacteria,root,LP,X72,1477.493399
bacteria,root,LP,X73,1477.493317
bacteria,root,LP,X74,1477.493357
bacteria,root,LP,X75,1477.493304
bacteria,root,LP,X76,1477.49367
bacteria,root,LP,X77,1477.493302
bacteria,root,LP,X78,1477.493382
bacteria,root,LP,X79,1477.493254
bacteria,root,LP,X8,1477.493294
bacteria,root,LP,X80,1477.493258
bacteria,root,LP,X81,1477.493424
bacteria,root,LP,X82,1477.493268
bacteria,root,LP,X83,1477.493373
bacteria,root,LP,X84,1477.493495
bacteria,root,LP,X85,1477.493332
bacteria,root,LP,X86,1477.49342
bacteria,root,LP,X87,1477.493219
bacteria,root,LP,X88,1477.493238
bacteria,root,LP,X89,1477.493404
bacteria,root,LP,X9,1477.493252
bacteria,root,LP,X90,1477.493435
bacteria,root,LP,X91,1477.493264
bacteria,root,LP,X92,1477.493419
bacteria,root,LP,X93,1477.493322
bacteria,root,LP,X94,1477.493453
bacteria,root,LP,X95,1477.49341
bacteria,root,LP,X96,1477.493271
bacteria,root,LP,X97,1477.493369
bacteria,root,LP,X98,1477.493339
bacteria,root,LP,X99,1477.493331